:020000041008E2
:100000000000082805D10810A1DC08106DD80810E0
:10001000A5DC0810A9DC0810ADDC08100000000009
:100020000000000000000000000000001DD90810C2
:10003000B1DC081000000000B5DC0810B9DC0810C5
:10004000C7CE0810EDCE081013CF081039CF081016
:100050005FCF081085CF0810ABCF0810D1CF0810A4
:10006000BDDC0810C1DC0810C5DC0810C9DC0810B4
:10007000CDDC0810D1DC0810D5DC0810D9DC081064
:100080002DE9F843002000200020DFF84C5D00201F
:10009000287001F0F1F9002001F07CFA0223DFF86A
:1000A0003C2D0021002001F0B0FB0223DFF8302DB1
:1000B0000221002001F0A9FB0223DFF8282D0421F2
:1000C000002001F0A2FB0223DFF81C2D06210020F6
:1000D00001F09BFB0223DFF8142D0021552001F0D5
:1000E00094FB0223DFF8082D0221552001F08DFB3F
:1000F0000223DFF8002D0421552001F086FB0621A4
:10010000582001F01DFD2870002001F043FA95F8F9
:1001100000902878012814D0C0F04B86032800F006
:10012000AC804ED3052800F00682C0F05581072828
:1001300000F05D83C0F0AD82082800F0068400F076
:1001400038BEDFF8B45C01232A000021002001F052
:10015000E9FE0223DFF8A42C0021002001F055FB6A
:100160002A680021322001F0FFFA0621582001F010
:10017000E7FC0400002001F00DFA0EE00223DFF896
:10018000802C0021002001F040FB0621582001F0C6
:10019000D7FC0400002001F0FDF9052CEEDA002C5C
:1001A0000AD02C600021002001F0A1FE01232A00CA
:1001B0000021002001F0FBFE002001F0EBF900F02F
:1001C000F8BD5FFA89F9B9F101095FEAC9090024AC
:1001D00025E0012214EB0901002001F027FF012294
:1001E0005F21002001F067FFDFF8BC5D012305EB14
:1001F00084025F21002001F095FE0223DFF8AC0DA0
:1002000050F824206100C9B2002001F0FEFA55F830
:1002100024206100C9B2322001F0A6FA641C042C2B
:10022000D7DBDFF8844D002355224846010089B210
:10023000002001F015FD20600223552219F1010173
:1002400089B2002001F00CFD60600423552219F1F1
:10025000020189B2002001F003FDA06006235522AF
:1002600019F10309494689B2002001F0F9FCE06068
:10027000002001F08FF900F09CBD5FFA89F9B9F117
:1002800001095FEAC909002425E0012214EB0901F4
:10029000002001F0CBFE01225F21002001F00BFFC6
:1002A000DFF89C5D012305EB84025F21002001F053
:1002B00039FE0223DFF88C0D50F824206100C9B20A
:1002C000002001F0A2FA55F824206100C9B23220C2
:1002D00001F04AFA641C042CD7DBDFF8644D0023DC
:1002E00055224846010089B2002001F0B9FC206087
:1002F0000223552219F1010189B2002001F0B0FC5E
:1003000060600423552219F1020189B2002001F036
:10031000A7FCA0600623552219F1030189B2002031
:1003200001F09EFCE060002001F034F9042527E094
:10033000012215EB0901002001F078FE01225F2166
:10034000002001F0B8FE012304EB85025F210020AC
:1003500001F0E8FD0223DFF8EC0C50F8252015F140
:10036000FC014900C9B2002001F04FFA54F82520E1
:1003700015F1FC014900C9B2322001F0F5F96D1CFC
:10038000082DD5DB0023552219F1040189B2002084
:1003900001F066FC20610223552219F1050189B2A2
:1003A000002001F05DFC60610423552219F1060173
:1003B00089B2002001F054FCA0610623552219F1F6
:1003C0000709494689B2002001F04AFCE06100209B
:1003D00001F0E0F800F0EDBC5FFA89F9B9F101092C
:1003E0005FEAC909002425E0012214EB090100207D
:1003F00001F01CFE01225F21002001F05CFEDFF80D
:10040000A45D012305EB84025F21002001F08AFD39
:100410000223DFF8940D50F824206100C9B20020B7
:1004200001F0F3F955F824206100C9B2322001F03F
:100430009BF9641C042CD7DBDFF8684D00235522A0
:100440004846010089B2002001F00AFC2060022326
:10045000552219F1010189B2002001F001FC606010
:100460000423552219F1020189B2002001F0F8FBA2
:10047000A0600623552219F1030189B2002001F082
:10048000EFFBE060002001F085F8042527E0012261
:1004900015EB0901002001F0C9FD01225F210020B8
:1004A00001F009FE012304EB85025F21002001F029
:1004B00039FD0223DFF8F00C50F8252015F1FC017E
:1004C0004900C9B2002001F0A0F954F8252015F127
:1004D000FC014900C9B2322001F046F96D1C082D1B
:1004E000D5DB0023552219F1040189B2002001F067
:1004F000B7FB20610223552219F1050189B20020C2
:1005000001F0AEFB60610423552219F1060189B2A6
:10051000002001F0A5FBA0610623552219F107096F
:10052000494689B2002001F09BFBE061002001F008
:1005300031F800F03EBC5FFA89F9B9F101095FEAD0
:10054000C909002425E0012214EB0901002001F073
:100550006DFD01225F21002001F0ADFDDFF84C5C54
:10056000012305EB84025F21002001F0DBFC022364
:10057000DFF83C0C50F824206100C9B2002001F0E3
:1005800044F955F824206100C9B2322001F0ECF89A
:10059000641C042CD7DBDFF8144C0023552248469A
:1005A000010089B2002001F05BFB2060022355228C
:1005B00019F1010189B2002001F052FB60600423AF
:1005C000552219F1020189B2002001F049FBA06017
:1005D0000623552219F1030189B2002001F040FBE6
:1005E000E060002000F0D6FF042527E0012215EB93
:1005F0000901002001F01AFD01225F21002001F015
:100600005AFD012304EB85025F21002001F08AFCE2
:100610000223DFF89C0B50F8252015F1FC0149005E
:10062000C9B2002001F0F1F854F8252015F1FC01C1
:100630004900C9B2322001F097F86D1C082DD5DBB6
:100640000023552219F1040189B2002001F008FBB2
:1006500020610223552219F1050189B2002001F021
:10066000FFFA60610423552219F1060189B20020C6
:1006700001F0F6FAA0610623552219F1070949464F
:1006800089B2002001F0ECFAE061002000F082FF66
:100690008FE35FFA89F9B9F101095FEAC90900241A
:1006A00025E0012214EB0901002001F0BFFC01222A
:1006B0005F21002001F0FFFCDFF8985D012305EBCE
:1006C00084025F21002001F02DFC0223DFF8740971
:1006D00050F824206100C9B2002001F096F855F8C6
:1006E00024206100C9B2322001F03EF8641C042CC1
:1006F000D7DBDFF8604D002355224846010089B260
:10070000002001F0ADFA20600223552219F1010109
:1007100089B2002001F0A4FA60600423552219F187
:10072000020189B2002001F09BFAA0600623552245
:1007300019F1030189B2002001F092FAE060002073
:1007400000F028FF042527E0012215EB0901002015
:1007500001F06CFC01225F21002001F0ACFC0123C0
:1007600004EB85025F21002001F0DCFB0223DFF8AF
:10077000D40850F8252015F1FC014900C9B2002029
:1007800001F043F854F8252015F1FC014900C9B2E5
:10079000322000F0E9FF6D1C082DD5DB0023552227
:1007A00019F1040189B2002001F05AFA20610223F4
:1007B000552219F1050189B2002001F051FA60615A
:1007C0000423552219F1060189B2002001F048FAEC
:1007D000A0610623552219F10709494689B2002074
:1007E00001F03EFAE061002000F0D4FEE1E25FFAA1
:1007F00089F9B9F101095FEAC909002425E001225C
:1008000014EB0901002001F011FC01225F210020FE
:1008100001F051FCDFF8C85B012305EB84025F2186
:10082000002001F07FFB0223DFF8180850F8242095
:100830006100C9B2002000F0E8FF55F824206100F3
:10084000C9B2322000F090FF641C042CD7DBDFF823
:10085000904B002355224846010089B2002001F048
:10086000FFF920600223552219F1010189B200200D
:1008700001F0F6F960600423552219F1020189B2F2
:10088000002001F0EDF9A0600623552219F10301C3
:1008900089B2002001F0E4F9E060002000F07AFE67
:1008A000042527E0012215EB0901002001F0BEFB21
:1008B00001225F21002001F0FEFB012304EB8502F1
:1008C0005F21002001F02EFB0223DFF8780750F8AB
:1008D000252015F1FC014900C9B2002000F095FF68
:1008E00054F8252015F1FC014900C9B2322000F06E
:1008F0003BFF6D1C082DD5DB0023552219F10401A7
:1009000089B2002001F0ACF920610223552219F1CF
:10091000050189B2002001F0A3F96061042355228A
:1009200019F1060189B2002001F09AF9A0610623AD
:10093000552219F10709494689B2002001F090F9C2
:10094000E061002000F026FE33E25FFA89F9B9F198
:1009500001095FEAC909DFF88C5A64232A00494675
:10096000002001F0DFFA0223DFF87C2A00210020BA
:1009700000F04BFF95ED000BBDEEC00B10EE102A02
:100980000021322000F0F0FE0223DFF8602A04216B
:10099000002000F03AFF95ED020BBDEEC00B10EE0B
:1009A000102A0421322000F0DFFE0621582001F039
:1009B000C7F803E00021582001F0C2F83328F9DA23
:1009C000002805D000EE100AB8EEC00B85ED000B34
:1009D0000621582001F0B4F8002805D000EE100AD6
:1009E000B8EEC00B85ED020B002000F0D3FD022312
:1009F000DFF8FC290021002000F007FF95ED040B33
:100A0000BDEEC00B10EE102A0021282000F0ACFE35
:100A10000223DFF8E0290121002000F0F6FE022386
:100A2000DFF8D4290221002000F0EFFE0223DFF8D6
:100A3000CC290421002000F0E8FE95ED060BBDEE68
:100A4000C00B10EE102A0421282000F08DFE022396
:100A5000DFF8AC290521002000F0D7FE0223DFF8E3
:100A6000A4290621002000F0D0FE0021582001F02A
:100A700067F80328F9DA002805D000EE100AB8EE6E
:100A8000C00B85ED040B0621582001F059F803280E
:100A9000F9DA002805D000EE100AB8EEC00B85ED9B
:100AA000060B002000F076FD95ED040BB7EE002B51
:100AB000B4EE420BF1EE10FA40F0618100262FE017
:100AC00000EE100AB8EEC00B300080B2400128449E
:100AD00080ED0E0B20E02100C9B202290AD140426C
:100AE00000EE100AB8EEC00B300080B2400128447E
:100AF00080ED0C0B04215A2001F022F800280BD0C5
:100B0000DFF808198842DBD1300080B24001284468
:100B100000220023C0E90E23002000F03BFD761CDC
:100B200095ED000BB0EE002BB8EE003B00EE023B63
:100B3000300080B200EE100AB8EE400BB4EE430B6A
:100B4000F1EE10FA40F1F480320092B20021002060
:100B500000F00AFE02239DA20021322000F055FE83
:100B60009BA702233A000221002000F04EFE300035
:100B700080B24001284490ED080BBDEEC00B10EE92
:100B8000102A02211E2000F0EFFD0FF24828022358
:100B900042460421002000F038FE300080B24001BF
:100BA000284490ED0A0BBDEEC00B10EE102A042174
:100BB0001E2000F0D9FD0021582000F0C1FF0328BD
:100BC000F9DA002800D004000621582000F0B8FF10
:100BD00000282BD0DFF83418884209D1300080B2C9
:100BE000400105EB000200200021C2E908011DE0E0
:100BF0002100C9B201290AD100EE100AB8EEC00BDB
:100C0000300080B24001284480ED080B0EE0210046
:100C1000C9B202290AD1404200EE100AB8EEC00B58
:100C2000300080B24001284480ED080B002158209C
:100C300000F086FF002817D0DFF8D017884209D1CE
:100C4000300080B2400105EB000200200021C2E923
:100C50000A0109E000EE100AB8EEC00B300080B2C5
:100C60004001284480ED0A0B002000F093FC320084
:100C700092B20021002000F077FD0223C9A20021DA
:100C8000322000F0C2FD02233A000221002000F0D1
:100C9000BCFD300080B24001284490ED0C0BBDEE4D
:100CA000C00B10EE102A02211E2000F05DFD022371
:100CB00042460421002000F0A8FD300080B240012F
:100CC000284490ED0E0BBDEEC00B10EE102A04214F
:100CD0001E2000F049FD01215A2000F031FF0328B9
:100CE000F9DA002800D0040002215A2000F028FF81
:100CF00000283FF4FFAEDFF81417884208D1300017
:100D000080B24001284400220023C0E90C23F1E610
:100D10002100C9B201297FF4DEAE00EE100AB8EE60
:100D2000C00B300080B24001284480ED0C0BE1E69E
:100D30000223DFF8D4260221002000F066FD95EDA5
:100D4000C60BBDEEC00B10EE102A0221322000F0BF
:100D50000BFD02215A2000F0F3FE00281CD0DFF822
:100D6000AC16884204D100200021C5E9C60113E079
:100D700000EE100AB8EEC00B85EDC60B0CE095ED49
:100D8000040BB0EE002BB4EE420BF1EE10FA03D1DF
:100D90000120DFF888160870002000F0FBFB4946B0
:100DA000002001F0A4F864232A004946002001F045
:100DB000FEF800F0A3FA00F0FBF800F045F900F0AF
:100DC000F9F900F0DDFABDE8F18300004100000010
:100DD0005800000059000000A943022858DB081001
:100DE00060DB081068DB081070DB081078DB081087
:100DF00080DB081088DB08106043022890DB0810B5
:100E0000B0D9081038B5DFF808060078052858D1A1
:100E1000DFF804460123042294ED130AB7EEC00A5A
:100E20000021002000F072FD0123042294ED140A39
:100E3000B7EEC00A0121002000F068FD0123042262
:100E400094ED150AB7EEC00A0221002000F05EFD05
:100E50000123022294ED060AB7EEC00A0321002006
:100E600000F054FD0123022294ED070AB7EEC00AF8
:100E70000421002000F04AFDDFF8985501230422E8
:100E8000B5F9100000EE100AB8EEC00B04213C20AA
:100E900000F03CFD0123022294ED080AB7EEC00ADF
:100EA0000521002000F032FD01230422B5F91200D3
:100EB00000EE100AB8EEC00B05213C2000F026FD24
:100EC0006FE0DFF854450123042294ED130AB7EED6
:100ED000C00A0021002000F019FD0123042294ED36
:100EE000140AB7EEC00A0121002000F00FFD012313
:100EF000042294ED150AB7EEC00A0221002000F08A
:100F000005FD01230422DFF8140590ED300AB7EE49
:100F1000C00A02213C2000F0F9FC0123022294EDDA
:100F2000060AB7EEC00A0321002000F0EFFC0123FF
:100F30000422DFF8EC04007800EE100AB8EE400B53
:100F400003213C2000F0E2FC0123022294ED070A79
:100F5000B7EEC00A0421002000F0D8FC01230422CF
:100F6000DFF8C00490ED000AB7EEC00A04213C206F
:100F700000F0CCFC0123022294ED080AB7EEC00A6F
:100F80000521002000F0C2FC01230422DFF8D40474
:100F9000007800EE100AB8EE400B05213C2000F06E
:100FA000B5FC31BD42000000B8410228B808022853
:100FB000F8B508250020461CDFF86C44012304EB3B
:100FC00080022900002000F0ADFF6D1C771C01237A
:100FD00004EB86022900002000F0A4FF6D1C7E1C9B
:100FE000012304EB87022900002000F09BFF6D1C09
:100FF000771C012304EB86022900002000F092FFF9
:101000006D1C7E1C012304EB87022900002000F0E8
:1010100089FF6D1C701C012304EB8602290000204F
:1010200000F080FF6D1C002004EB800191ED000AB0
:10103000B8EE400ADFF8E41381ED300A401CF1BD40
:101040003842022898080228F8B518240020461CC7
:10105000544D012305EB80022100002000F062FFC7
:10106000641C771C012305EB86022100002000F0A0
:1010700059FF641C7E1C012305EB87022100002020
:1010800000F050FF641C771C012305EB8602210051
:10109000002000F047FF641C7E1C012305EB870243
:1010A0002100002000F03EFF641C771C012305EBAB
:1010B00086022100002000F035FF641C7E1C012305
:1010C00005EB87022100002000F02CFF641C0123A7
:1010D00005EB86022100002000F024FF0020D34908
:1010E00005EB800292ED000AB8EE400A81ED050A98
:1010F000401C05EB800292ED000AB8EE400A81ED3B
:10110000060A401C05EB800292ED000AB8EE400A88
:1011100081ED070A401CC6499FED970B05EB800245
:1011200092ED001AB8EE411B21EE001BB7EEC11B79
:1011300081ED051A401C05EB800292ED001AB8EE15
:10114000411B21EE001BB7EEC11B81ED061A401CAE
:1011500005EB800292ED001AB8EE411B21EE000B68
:10116000B7EEC00B81ED070A401CB2499FEDBE0BE4
:1011700005EB800292ED001AB8EE411B21EE001B38
:10118000B7EEC11B81ED051A401C05EB800090ED08
:10119000001AB8EE411B21EE000BB7EEC00B81ED3B
:1011A000060AF1BD98410228C8080228D841022841
:1011B000E8080228F8B520250020461C9E4C012393
:1011C00004EB80022900002000F0ACFE6D1C771CAF
:1011D000012304EB86022900002000F0A3FE6D1C11
:1011E0007E1C012304EB87022900002000F09AFEF8
:1011F0006D1C771C012304EB86022900002000F0FF
:1012000091FE6D1C7E1C012304EB87022900002047
:1012100000F088FE6D1C701C012304EB860229007F
:10122000002000F07FFE6D1C00217C4B54F8210053
:1012300083F8D400491C4A1C93F8D400002802D13A
:101240009FED7E0A01E09FED7E0A04EB8100D0ED68
:10125000000AB8EE601B9FED7B3B21EE031BB8EE4E
:10126000C00B21EE000BB7EEC00B83ED340A7748BC
:1012700004EB820191ED000AB8EE400A80ED050A08
:10128000521C04EB820191ED000AB8EE400A80ED99
:10129000060A521C04EB820191ED000AB8EE400AE6
:1012A00080ED070A521C6A489FED6F0B04EB820128
:1012B00091ED001AB8EE411B21EE001BB7EEC11BE9
:1012C00080ED051A521C04EB820191ED001AB8EE74
:1012D000411B21EE001BB7EEC11B80ED061A521C0C
:1012E00004EB820191ED001AB8EE411B21EE000BD8
:1012F000B7EEC00B80ED070AF1BD000070B52824E1
:10130000002509E00123534800EB8502210000205D
:1013100000F008FE641C6D1C082DF3DB002519E0AD
:101320002F4E012306EB85022100002000F0FAFD7C
:10133000641C06EB850090ED000AB8EE400B9FEDB3
:101340000E2B20EE020BBCEEC00B06EB850080EDF1
:10135000000A6D1C082DE3DB1024002509E00123A1
:10136000434800EB85022100002000F0DBFD641CF7
:101370006D1C082DF3DB70BD9A9999999999B93F25
:1013800010B5354C012322000021002000F0CAFDD9
:10139000224821680166016E012906D01ED3032967
:1013A00012D00AD3042916D018E0002180F86C105E
:1013B00001202A4981F8E00010E0002180F87C102B
:1013C00000202749087009E0002180F89C100020C7
:1013D0002849087002E0002180F8A41010BD000028
:1013E00018420228B833022898DB081000DA0810E7
:1013F000A0DB0810A8DB0810B0DB0810B8DB081071
:10140000C0DB0810C8DB0810D0DB08109F86010085
:10141000A9430228B8420228B83B0228F039022822
:10142000A343022800430228B8410228703F022843
:10143000B03F022830400228D841022801000000B5
:10144000FFFFFFFF2D431CEBE2361A3F70400228DE
:10145000F03F0228F841022860430228A009022830
:101460002C230228A44302287B14AE47E17A843F50
:10147000384202286C25022880B500F05FFE482023
:1014800000F0C9FE00F0A6FE012000F0C4FE00F04E
:10149000A1FE00F07AFE01BD10B500F04FFE4F2016
:1014A00000F0B9FE00F096FE012000F0E7FE040017
:1014B00000F06BFE2000C0B210BDF0B40246106810
:1014C00095681318506803EB5004C00748BF4D449B
:1014D000A3422DD013F8016B16F0030004BF13F8DC
:1014E000010BC01C31090F2907D113F8011B0F3163
:1014F00003E013F8017B05F8017B401EF9D10029B8
:10150000E6D013F8010BC6F38106032E08BF13F8CB
:10151000016B00EB0620404228440026B71E8F4294
:101520001EBF10F8017B05F8017B761CF6D1CFE7D2
:10153000F0BC02F10C00704710B5040000F0FEFD95
:10154000782000F068FE00F045FE002000F063FE09
:1015500000F040FE2000C0B200F05DFE00F03AFE58
:1015600000F013FE10BD10B5040000F0E7FD782078
:1015700000F051FE00F02EFE402000F04CFE00F086
:1015800029FE2000C0B200F046FE00F023FE00F06D
:10159000FCFD10BD70B50400002509E02000C0B2BC
:1015A000FFF7E1FF761C3000C0B28028F6DB6D1C2F
:1015B0002800C0B208280CDAB5F15000C0B2FFF71D
:1015C000BBFF0020FFF7B8FF1020FFF7B5FF002694
:1015D000E9E770BD10B5072300220121392000F092
:1015E00046FF0723002201213B2000F040FF01219C
:1015F000392000F0E2FEAE20FFF79EFF0020FFF74B
:101600009BFF1020FFF798FF4020FFF795FF8120F8
:10161000FFF792FFCF20FFF78FFFA020FFF78CFF8F
:10162000C020FFF789FFA620FFF786FFA820FFF75D
:1016300083FF3F20FFF780FFD320FFF77DFF0020CF
:10164000FFF77AFFD520FFF777FF8020FFF774FFC1
:10165000D920FFF771FFF120FFF76EFFDA20FFF7C7
:101660006BFF1220FFF768FFDB20FFF765FF4020CC
:10167000FFF762FF2020FFF75FFF0220FFF75CFF0C
:101680008D20FFF759FF1420FFF756FFA420FFF726
:1016900053FFA620FFF750FFAF20FFF74DFF0020BC
:1016A000FFF778FF0020002400E0641C2000C0B297
:1016B0000C280BDA2000C0B2DFF8781448600B2148
:1016C0002000C0B200F0AAFB0028EED00A20DFF80C
:1016D0006414086010BD10B50400B1F15000C0B230
:1016E000FFF72AFF2000C0B2000950F01000C0B27E
:1016F000FFF722FF14F00F0454F001042000C0B2E1
:10170000FFF71AFF10BDF8B505000E0014001034E5
:101710003100C9B22800C0B2FFF7DDFF002000276A
:1017200009E0DFF814042100C9B217EB0111405C95
:10173000FFF719FF7F1C082FF3DB761C3100C9B2BD
:101740002800C0B2FFF7C7FF00250AE0DFF8E80372
:101750002100C9B215EB01110844007AFFF703FF1D
:101760006D1C082DF2DBF1BDF8B584B004000D004E
:10177000160000200020102100226F46380000F0E3
:10178000BDFE002E24D442F2107096FBF0F100FB57
:1017900011604FF47A7190FBF1F000904FF47A7081
:1017A000694696FBF0F200FB1260642290FBF2F0B7
:1017B0004860642096FBF0F200FB12600A2290FB66
:1017C000F2F088600A2096FBF0F100FB11660396A8
:1017D0000020002613E068463100C9B250F82120ED
:1017E0002000C0B2792801DB00246D1CD2B2290090
:1017F000C9B22000C0B2FFF786FF0834761C300063
:10180000C0B20428E7DB05B0F0BD2DE9F8430400C1
:101810000D001600002000200027DBB2012B16D09F
:10182000022B40D070E0BA494A46D2B20620424369
:1018300001EB02004146C9B2405CFFF794FE18F18B
:1018400001084046C0B20628EDDBA41D7F1C38000D
:10185000C0B2305C002813D03800C0B2305CB0F1A8
:1018600020092000C0B27F2801DB00246D1C290064
:10187000C9B22000C0B2FFF72EFF5FF00008E0E71A
:1018800042E0AD484146C9B2090151FA89F1084424
:10189000007AFFF768FE19F101094846C0B208282E
:1018A000EFDB08347F1C3800C0B2305C00282BD03E
:1018B0003800C0B2305CB0F120082000C0B27928F6
:1018C00001DB00246D1C2900C9B22000C0B2FFF763
:1018D00002FF5FF000090AE097484146C9B20901DA
:1018E00051FA89F1405CFFF73EFE19F101094846C3
:1018F000C0B20828F0DB691CC9B22000C0B2FFF7F3
:10190000EAFE5FF00009C8E7BDE8F1832DE9F8437E
:101910002DED028B86B004000D00B0EE408B16005A
:101920001F0002A87B490E2200F020FE9FED7C1BC9
:10193000B4EE418BF1EE10FA02DBBCEEC80B03E013
:10194000B1EE480BBCEEC00B8DED000A9FED720BA3
:1019500028EE001B9FED723BB4EE431BF1EE10FA34
:1019600006DB28EE000B51EC100B00F053FE07E0F5
:101970009FED6D1B28EE010B51EC100B00F04AFEA1
:10198000E8466B4A002300F069FEC8F80420B5EE73
:10199000408BF1EE10FA02D8BFEE000B01E0B7EE7B
:1019A000000BB7EE002BB4EE420BF1EE10FA01D1B2
:1019B000202000E02D208DF8080000995F48B1FB41
:1019C000F0F200FB121142F21072B1FBF2F1303171
:1019D0008DF80910009A42F21071B2FBF1F301FB8D
:1019E00013224FF47A73B2FBF3F230328DF80A20EF
:1019F000009B4FF47A72B3FBF2FC02FB1C335FF0E6
:101A0000640CB3FBFCF330338DF80B30DDF800C011
:101A10005FF0640E02ABBCFBFEF90EFB19CC5FF06D
:101A20000A0EBCFBFEFC1CF1300C83F804C0DDF890
:101A300000E05FF00A0CBEFBFCF90CFB19EE1EF196
:101A4000300E8DF80DE0D8F804C0DFF8E4E0BCFB00
:101A5000FEF90EFB19CCDFF8E4E0BCFBFEFC1CF148
:101A6000300C83F807C0D8F804C0BCFBF0FE00FBC4
:101A70001ECC42F21070BCFBF0F030308DF810003C
:101A8000D8F80400B0FBF1FC01FB1C004FF47A71A4
:101A9000B0FBF1F030308DF81100D8F80400B0FB45
:101AA000F2F102FB11006421B0FBF1F030309872CA
:101AB000D8F804006421B0FBF1F201FB12000A2106
:101AC000B0FBF1F030308DF81300D8F804000A2193
:101AD000B0FBF1F201FB120030308DF81400300041
:101AE000C0B2072801DB0626FFE73B0029002000E3
:101AF000002202ACF6B23444E271DBB202AAC9B2EF
:101B0000C0B2FFF782FE06B0BDEC028BBDE8F183E8
:101B10001CC90810C4D908100000000080842E41A0
:101B200000000000000000000000000080842EC1C2
:101B300040420F0070410228A4AE0810A0860100A8
:101B40002DE9F84F05000E00002000275FF0000887
:101B50005FF0000A00205FF00009002431E0B8F1D6
:101B60000A0F27D10A209AFBF0FA23E05FF00C0855
:101B7000442F05D119F10109B9F1C90F00DB641C2B
:101B8000B8F10A0FEBD0B8F10B0FE8D0B8F10C0F99
:101B9000E5D04FF47A709AFBF0F0002805D04FF4AE
:101BA0007A709AFBF0F100FB11AA0A205146824696
:101BB0000AFB018A52463100C9B22800C0B2FFF7C1
:101BC000D3FDB8F10B0F48D0002C46D1BB46FFF730
:101BD00063FC0700BBEB070BBBF1400FC6D138001D
:101BE000042836D005282BD0062820D0072815D069
:101BF0000C2828D00D2820D00E2815D00F280AD068
:101C0000142823D0152815D016280AD0172823D138
:101C10005FF00108ACE75FF00208A9E75FF0030896
:101C2000A6E75FF00408A3E75FF00508A0E75FF010
:101C300006089DE75FF007089AE75FF0080897E756
:101C40005FF0090894E75FF0000891E75FF00A0889
:101C50008EE75FF00B088BE78AE75046BDE8F28F0E
:101C60002DE9FD4F84B00F0000205FF00009002532
:101C7000002400200090002000265FF000085FF0A4
:101C8000000A00E001240B2D00F0B180002E40F08E
:101C9000AE80CB46FFF700FC8146BBEB090BBBF1E6
:101CA000400F31D1484604282BD0052823D00628E0
:101CB0001BD0072813D00C281FD00D2819D00E28B0
:101CC00011D00F2809D0142819D015280FD01628A4
:101CD00007D0172817D1012517E0022515E00325A5
:101CE00013E0042511E005250FE006250DE007258A
:101CF0000BE0082509E0092507E0002505E00A2595
:101D000003E00B2501E000E00C25B9F1440F0DD1F3
:101D10001AF1010ABAF1C90F08DB761C01233E4A09
:101D2000390089B29DF8100000F041F90A2D19D050
:101D30000B2D17D00C2D15D000984FF47A71B0FBF5
:101D4000F1F0002808D04FF47A700099009AB2FBA5
:101D5000F0F200FB1210009000980A2101FB0050E5
:101D6000009003E00A2D01D100200090009A29A1E3
:101D700001A800F08BFD022301AA9DF818109DF820
:101D80001400FFF742FD0098002824D1002D3FF4F5
:101D900079AF0A2D01D1002475E70B2D7FF473AFC5
:101DA000002C0FD101236A46390089B2002000F0CF
:101DB000B9F801236A46390089B29DF8100000F095
:101DC000F6F860E70123144A390089B29DF8100043
:101DD00000F0EDF857E70B2D7FF455AF01236A466D
:101DE000390089B29DF8100000F0E1F84BE7009847
:101DF00018F10208B8F1070F01DB5FF00008B8F135
:101E0000050F00DB0021002100910C2107B0BDE887
:101E1000F08F0000253564005C4302287FB5040084
:101E20000D000020009001236A462900C9B200205D
:101E300000F078F800982100C9B2884233D1002020
:101E40000390012303AA2900C9B2002000F06AF818
:101E500003980099884224D000200020029000209E
:101E6000019040F2FF3618E0012302AA3100280059
:101E7000C0B200F057F8012301AA31002000C0B21F
:101E800000F050F80198002806D1012302AA310081
:101E90002000C0B200F08BF8761E40F2CF308642B0
:101EA000E2DA012000E0002004B070BD38B50C007B
:101EB000602C01D2012000E00020974D362229003D
:101EC000C0B200F092FE372229009448007800F05A
:101ED0008CFE0121E40214F1A054200000F0C8FFA0
:101EE000002801D1012000E00020C0B232BD38B589
:101EF0000C00602C01D2012000E00020864D46221B
:101F00002900C0B200F071FE472229008348007802
:101F100000F06BFE0121E40214F1A054200000F057
:101F200068FF31BDF8B50E0014001D000020602EC2
:101F300001D2012000E00020774F59223900C0B2C1
:101F400000F053FE40F20120854201D2012000E062
:101F500000205A223900C0B200F047FE5B2239004F
:101F60006E48007800F041FE5FF0A050F602B6081F
:101F700000EB8601AA000B00012A0EDB13F01F0004
:101F80008218BFF34F8F664803602033203A012A3E
:101F9000F9DABFF34F8FBFF36F8F002004E0020127
:101FA0008A582260241D401CA842F8D3F1BD2DE9B7
:101FB000F04107000C0015001E00602C01D201202A
:101FC00000E00020DFF8508174224146C0B200F0EA
:101FD0000CFE40F20120864201D2012000E00020E8
:101FE00075224146C0B200F000FE762241464B48C1
:101FF000007800F0FAFD21003800FFF757FF0028B5
:1020000003D021003800FFF772FFE40214F1A0545E
:10201000002707E001222900200000F06FFF241DA7
:102020002D1D7F1CB742F5D3BDE8F08170B50D00C2
:1020300014000020602D01D2012000E00020364E67
:1020400092223100C0B200F0D0FD40F20120844263
:1020500001D2012000E0002093223100C0B200F044
:10206000C4FD942231002D48007800F0BEFD5FF0E1
:10207000A050ED02AD0800EB8501A2000B00012A83
:102080000EDB13F01F008218BFF34F8F244803604C
:102090002033203A012AF9DABFF34F8FBFF36F8F55
:1020A000002005E051F820201E4B43F82020401C62
:1020B000A042F7D370BD70B50C001500602C01D2A2
:1020C000012000E00020144EAB223100C0B200F02D
:1020D0008CFD40F20120854201D2012000E0002069
:1020E000AC223100C0B200F080FDAD2231000B48BF
:1020F000007800F07AFD0B4A2B0021000020FFF74A
:1021000056FF002070BD80B5002000F054FE012075
:102110000249087001BD000040D50810B4430228F0
:102120005CEF00E0582602280020002001E000BFFC
:10213000401C0100C9B21E29F9DB704780B503229B
:1021400001213B2000F06CF901213B2000F035F922
:102150000121392000F031F9FFF7E6FFFFF7E4FF36
:10216000FFF7E2FFFFF7E0FFFFF7DEFF00213B2074
:1021700000F023F9FFF7D8FFFFF7D6FFFFF7D4FFF2
:102180000021392000F019F901BD80B50322012199
:102190003B2000F045F90021392000F00EF9002124
:1021A0003B2000F00AF9FFF7BFFFFFF7BDFFFFF785
:1021B000BBFF0121392000F000F9FFF7B5FFFFF761
:1021C000B3FFFFF7B1FF01213B2000F0F6F8FFF766
:1021D000ABFF01BD80B5032200213B2000F020F9B8
:1021E00001213B2000F0E9F8FFF79EFF0121392093
:1021F00000F0E3F8FFF798FF3B2000F000F900281B
:1022000003D0FFF7C2FF012004E00021392000F0D5
:10221000D4F8002002BD38B50400032201213B2080
:1022200000F0FEF80021392000F0C7F800251EE07C
:1022300000213B2000F0C1F805E02006F8D501217F
:102240003B2000F0BAF8FFF76FFF0121392000F0C2
:10225000B4F8FFF769FF6400FFF766FFFFF764FF5C
:102260000021392000F0A9F8FFF75EFF6D1C28005F
:10227000C0B20828E1DBFFF757FF31BD70B504009D
:102280000026032200213B2000F0CAF8002517E0B9
:102290000021392000F091F8FFF746FFFFF744FFD7
:1022A000FFF742FF0121392000F087F876003B203C
:1022B00000F0A5F8002800D0761CFFF735FF6D1C54
:1022C0002800C0B20828E3DBE4B2002C02D000F002
:1022D00006F801E000F026F83000C0B270BD80B50D
:1022E0000021192000F069F8032201211A2000F0D2
:1022F00097F800211A2000F060F800F037F800F09D
:1023000035F800F033F80121192000F056F800F0FC
:102310002DF800F02BF800F029F80021192000F02A
:102320004CF801BD80B50021192000F046F80322C9
:1023300001211A2000F074F801211A2000F03DF864
:1023400000F014F800F012F800F010F80121192044
:1023500000F033F800F00AF800F008F800F006F892
:102360000021192000F029F801BD00000020002004
:1023700001E000BF401C0100C9B21E29F9DB704713
:102380000069C84010F001007047012212FA01F103
:1023900081607047012212FA01F14160704710B468
:1023A0008900436C0F248C40A34312F00F0212FAF1
:1023B00001F11943416410BC704780B5C9B20029CE
:1023C0000ED00100C9B2082291FBF2F302FB1311F7
:1023D000494AC0B2C010C0011044FFF7D6FF0DE05B
:1023E0000100C9B2082291FBF2F302FB1311424A29
:1023F000C0B2C010C0011044FFF7CCFF01BD80B5D2
:102400000100C9B2082291FBF2F302FB13113A4A10
:10241000C0B2C010C0011044FFF7B2FFC0B202BD8D
:1024200010B5C9B200290BD1D2B2002A02D0022ABB
:1024300002D003E00F220BE00B2209E00A2207E0A2
:10244000D2B2042A01D10C2200E00E2212F00702BF
:102450000100C9B2082391FBF3F403FB1411264BCE
:10246000C0B2C010C0011844FFF799FF10BD2DE99C
:10247000F8418DB004000E0015001F003421002229
:10248000E846404600F03AF8F6B2002E0ED1FFB210
:10249000002F02D0022F03D005E00F2001900DE0A5
:1024A000082001900AE00820019007E0FFB2042F05
:1024B00002D10F20019001E00E2001902000C0B257
:1024C000C0280FD02100C9B208206A4691FBF0F362
:1024D00000FB131108482300DBB2DB10DB011844BA
:1024E00000F00FFE2900C9B22000C0B2FFF765FF5F
:1024F0000EB0BDE8F08100000000314062F30F2211
:1025000062F31F42401810F0030308D0C91A1FD30A
:10251000DB0748BF00F8012D28BF20F8022D13006B
:1025200030B414461546103928BF20E93C00FAD8CB
:10253000490728BF20E90C0048BF40F8042D890056
:1025400028BF20F8022D48BF00F8012D30BC70478D
:10255000C91818BF00F8012DCB0728BF00F8012DBE
:1025600070470268531C03601170704762B38B0799
:1025700008D0521E11F8013B00F8013B00F0248006
:102580008B07F6D1830740F0208000BF103A07D3B5
:1025900030B4B1E83810103AA0E83810F9D230BCA5
:1025A000530724BFB1E80810A0E8081044BF51F851
:1025B000043B40F8043BD20724BF31F8022B20F83B
:1025C000022B44BF0B7803707047121F17D35B00B8
:1025D00009D151F8043B20F8023B1B0C121F20F8D4
:1025E000023BF6D20BE051F8043B00F8013B1B0A1A
:1025F00020F8023B1B0C121F00F8013BF3D238BF3E
:10260000121D521E24BF11F8013B00F8013BF8D8FF
:102610007047310040F21E4CBCEB115209DDC9027B
:1026200082F3070241F0004141EA50500021D040BE
:10263000704720320DDBC902D2F1200341F0004186
:1026400041EA5051C002D04001FA03FCD14060443D
:1026500070476FEAE171084670473200BBBBE1B1D9
:10266000B2F5803F80F07E80022A1ED98C46B1FBF5
:10267000F2F102FB11C31B0443EA1043B3FBF2FC6B
:1026800002FB1C3380B240EA0343B3FBF2F002FBCF
:10269000103240EA0C4000237047022A05D98446D4
:1026A000B0FBF2F002FB10C270474AB105D100F056
:1026B000010249085FEA300070470022002370479A
:1026C00000F05EBD0B000200002100207047904228
:1026D00071EB030CF6D3B3F5803F2FD2F0B5B3FA0C
:1026E00083F7B1FA81F4A7F10F0E3D1B5340CEF1F1
:1026F000200602FA0EF2F3415340B5F10F0746D817
:102700000F3C2C444140C4F12006A040F14141401F
:10271000B1FBF3F603FB1611A2FB0645001BA94112
:1027200002D2761E8018594180EA010221FA0EF386
:1027300062FA0EF200215A403046F0BD30B4B1FBCF
:10274000F3FC03FB1C11A2FB0C45001BA94103D2A7
:10275000ACF1010C8018594130BC02460B46604672
:1027600000217047B2F1807F65D3F0B5B2FA82F7ED
:10277000B1FA81F4C7F10F063D1B22FA06F307F107
:10278000110EF24120355A40B5F10F07B8D941403A
:10279000C4F12006A040F1414140B1FBF3FC03FB32
:1027A0001C11A2FB0C45001BA94103D2BCF1010C7A
:1027B000801859410F2F12D30F3FC90341EA5041EE
:1027C000B1FBF3F603FB1611A2FB0645D4EBC030B8
:1027D000A94102D2761E8018594146EACC3C07B383
:1027E0004140C7F12006B840F1414140B1FBF3F64A
:1027F00003FB1611A2FB0645001BA94102D2761E5F
:102800008018594180EA010221FA0EF3C7F1200431
:1028100062FA0EF20CFA07F05A402CFA04F1304337
:10282000F0BD80EA010221FA0EF3002162FA0EF2F5
:1028300060465A40F0BD8C46B1FBF2F102FB11C379
:102840001B0243EA1063B3FBF2FC02FB1C331B02C6
:102850004CEA002043EA1063B3FBF2FC02FB1C339A
:102860001B024CEA002043EA1063B3FBF2FC02FBBC
:102870001C331B024CEA002043EA1063B3FBF2FC5A
:1028800002FB1C324CEA0020002370470CB430B528
:1028900083B00A4606A902910446002501940095DA
:1028A00002AB01A9084878441E3000F06EFC019A82
:1028B000157000284EBF04460198041B204603B043
:1028C00030BC5DF80CFB00BF9BFCFFFF82B000201A
:1028D0000190002000900020019009E00098401C29
:1028E00000900098B0F5005FF8D30198401C01906B
:1028F0000198B0F5805F02D200200090F1E702B0AD
:10290000704780B50100002001F088FD01BD2DE970
:10291000F043ADF5137D0700884616001C0000202B
:10292000ADF802000020ADF8000000200290002069
:10293000ADF804000020ADF80600404601F08EFF1F
:102940000290DFF890532888002801D0286980473A
:10295000DFF884030078002800F0338128880028FD
:1029600000F01181BDF90600411CADF806103A00D7
:10297000010089B20020EB6898474746404601F0C5
:102980006DFF02906888A97990FBF1F0ADF8040022
:102990003800471C00780028FAD10020ADF800006C
:1029A0000EE07F1E38782F2802D038785C2804D1BA
:1029B000BDF80000401CADF800000298401E0290D7
:1029C000BDF80000022802DA02980028E9D5029832
:1029D000002806D47A1CDFF8041353A8FFF756FF2B
:1029E0000EE0BDF80000002805D13A00BC4953A80C
:1029F000FFF74CFF04E03A00B84953A8FFF746FF41
:102A00000020ADF8020042E0BDF80010BDF8002043
:102A1000BDF8023053AF9BB2BDF90400434313FA33
:102A200082F0385C43AA89B25054BDF80000401CC3
:102A3000ADF80000BDF8000080B2BDF90410884276
:102A40000EDA53A801F00AFFBDF80020BDF80230ED
:102A50009BB2BDF904104B4313FA82F18842D3D2E2
:102A6000002043A9BDF800208854BDF90600411C90
:102A7000ADF8061043AAE97911FB00F189B20020F4
:102A8000EB689847BDF80200401CADF80200BDF8A5
:102A9000027053A801F0E2FEBDF90410B0FBF1F0A2
:102AA000401CBFB2874203D20020ADF80000C1E74E
:102AB00032008C4953A8FFF7E9FEBDF90600411C1E
:102AC000ADF8061053AAE97911FB00F189B2002094
:102AD000EB689847002C74D00020ADF8020041E06C
:102AE000BDF80010BDF80020BDF802309BB2BDF962
:102AF0000400434313FA82F0205C43AA89B2505485
:102B0000BDF80000401CADF80000BDF8000080B228
:102B1000BDF9041088420EDA200001F09FFEBDF8D6
:102B20000020BDF802309BB2BDF904104B4313FAEC
:102B300082F18842D4D2002043A9BDF800208854F5
:102B4000BDF90600411CADF8061043AAE97911FB56
:102B500000F189B20020EB689847BDF80200401CE4
:102B6000ADF80200BDF80260200001F077FEBDF96B
:102B70000410B0FBF1F0401CB6B2864221D2002016
:102B8000ADF80000C1E74FF4807100220DF10C098F
:102B90004846FFF7B3FC3800A9688847002C07D0E7
:102BA000009433004246504903A8FFF76FFE05E04A
:102BB000330042464D4903A8FFF768FE03A8A96801
:102BC00088470DF5137DBDE8F08310B542480078C5
:102BD000002809D0474C2100002001F02DFC0122E3
:102BE0002100434801F0BBFE10BD38B50C001500B4
:102BF000C0B2002803D140480078002800D131BD80
:102C00003E490878002800D0FEE70878401C08708C
:102C100002F0AEF800232A0021003948FFF777FEC2
:102C2000FFF754FEF6E710B514001A00C0B20028F2
:102C300008D129480078002804D00B002100314831
:102C4000FFF765FE10BD002101804FF6FF71418046
:102C50008180FF218171C171002181600021C160EB
:102C60000021016170471B4902880A8042884A801E
:102C700082888A8082798A71C279CA7182688A6000
:102C8000C268CA6000690861012013490870704772
:102C900000B585B06846FFF7D6FF1B48029068462E
:102CA000FFF7E1FF05B000BD80B5FFF7F1FF00239E
:102CB00000225FF4E131002001F0E4FC4023134ADC
:102CC00000210B4801F0EBFF0121002001F05BFC2B
:102CD00001BD0000CC420228AA4302280CDA0810E9
:102CE000D4D9081018DA0810E4D8081084D90810CC
:102CF00088420228AB4302289B090228AC430228E1
:102D0000E4D9081024DA08100329081030410228F9
:102D1000010009B2002909D4012210F01F018A40E4
:102D2000DFF8941200B2400941F8202070470200F9
:102D300012B2002A05D44901DFF8802200B21154F2
:102D400008E04901DFF8782200B210F00F001044CB
:102D500000F8041C7047DFF86C02016851F00101B3
:102D600001600168C907FCD470479748016851F0B9
:102D70000101016070479548016851F0010101604F
:102D800070471FB5684602F0F5F800280DD0904C4A
:102D900018229049200002F089F90020E0754920AE
:102DA0008D490860002002F0B9F901208B490870B4
:102DB000FFF7D1FF1FBD80B5C0B201280ED103219E
:102DC000874802F001F903210320FFF7B0FF032039
:102DD000FFF79EFF01208349087002E0002081492F
:102DE0000870FFF7C2FFFFF7C6FF01207B4908709C
:102DF00001BD7CB504000D007B48D0E90023CDE97E
:102E000000232800C0B2002814D176480078012899
:102E10000DD06F4E18226F49300002F047F90020A4
:102E2000F07594206C490860002002F077F90020CA
:102E30006A49087001208DF8040000208DF8050013
:102E400000942A00D2B26946002002F074FB0028E8
:102E50000DD05F4C18225F49200002F027F90020B6
:102E6000E0759E205C490860002002F057F973BDB0
:102E70007CB505000C00280002F062FA00280DD095
:102E8000534E18225349300002F010F90020F0751B
:102E9000B52051490860002002F040F92000C0B27E
:102EA000002814D14F48007801280DD0484E182230
:102EB0004849300002F0FAF80020F075B920464980
:102EC0000860002002F02AF90020444908700095AB
:102ED000280002F06AFA002801D0202001E04FF417
:102EE000007001902200D2B26946002002F057FB28
:102EF000002801D1012000E0002076BDF8B584B0A3
:102F000004000D001600200002F01AFA00280DD06F
:102F10002F4F18222F49380002F0C8F80020F8750A
:102F2000DF202D490860002002F0F8F868461021E3
:102F300002F0C6FB3000C0B2002814D12948007846
:102F400001280DD0224F18222249380002F0AEF895
:102F50000020F875E62020490860002002F0DEF825
:102F600000201E49087001208DF8080001208DF80E
:102F7000090002208DF80A0001208DF80B000020C6
:102F80008DF80C00009401953200D2B26946002001
:102F900002F08DF900280DD00D4C18220D492000AB
:102FA00002F084F80020E075F5200B49086000204D
:102FB00002F0B4F805B0F0BD00E100E000E400E08C
:102FC00018ED00E00800244000F4244000F52440FF
:102FD00070420228D0D3081034430228A0430228AC
:102FE000832D0810A1430228C0DA081030B4614BC9
:102FF0001818C009604C14EB001404290DD2236882
:103000001F25C8008540AB43D2B212F01F02C90091
:1030100012FA01F1194321600CE0091F63681F25B2
:10302000C8008540AB43D2B212F01F02C9008A40EB
:103030001A43626030BC7047002A04D1012212FAA0
:1030400001F1416003E0012212FA01F18160704751
:1030500010B48900436C0F248C40A34312F00F027C
:1030600012FA01F11943416410BC704710B4836C2B
:1030700001248C40A34312F0010212FA01F119431A
:10308000816410BC704710B4C36C01248C40A3430E
:1030900012F0010212FA01F11943C16410BC704729
:1030A00010B449001031C36C03248C40A34312F0C8
:1030B000030212FA01F11943C16410BC704742695E
:1030C000012212FA01F141614069704710B483692D
:1030D00001248C40A34312F0010212FA01F11943BA
:1030E000816110BC704710B44900036C03248C400C
:1030F000A34312F0030212FA01F11943016410BC58
:103100007047F8B505000E0014000027002D2ED0E2
:10311000002C2CD0226831002800FFF78DFF227A86
:1031200031002800FFF762FF626931002800FFF7D5
:103130009DFFA26931002800FFF7A5FFE269310079
:103140002800FFF7ADFF626831002800FFF780FF1D
:10315000E26831002800FFF7C6FF31002800FFF7C2
:10316000AEFF226931002800FFF7B0FF00E0034FF7
:103170003800F2BD0000CFBF0000304001005A000F
:103180007047330040F0200070472DE9F14FB0B098
:10319000924604910DF142013A9A2B9199464A7058
:1031A00000200AE01AF8011B0498309A9047002882
:1031B000049000F034860D98401C0D909AF80000A1
:1031C00050B12528EED100210022079108920991E3
:1031D0000A920B910C9204E00D9800F022BE41F08F
:1031E00001011AF8010F2028F9D023280CD02B2830
:1031F00004D02D2805D0302809D00BE041F0020181
:10320000EFE741F00401ECE741F00801E9E741F0A4
:103210001001E6E72A280FD1D9F8002052F8040B54
:10322000C9F8002000280F9003D540420F9041F0CC
:1032300004010AF1010A14E00F92DFF8EC3B0AE006
:103240000F98984205DA00EB800402EB4402303A12
:103250000F920AF1010A9AF80020A2F130000A2820
:10326000EED39AF800002E2803D04FF0FF320E92D2
:1032700029E01AF8010F2A2809D1D9F8000050F8DE
:10328000042BC9F800000E920AF1010A1BE02D2858
:103290000CBF0AF1010A002000220E92DFF8884BD1
:1032A0000BE040B90E9AA24205DA02EB820503EB6D
:1032B0004503303B0E930AF1010A9AF80030A3F15E
:1032C00030020A2AEDD3ADF840100FF660309AF8BC
:1032D000001002F0F9F908B11AF8010B8DF842005C
:1032E0009DF84200682805D19AF8000068280CD1A2
:1032F000622106E06C2804BF9AF800006C2804D113
:1033000071218DF842100AF1010A12A806901AF8EC
:1033100001BBBBF125012CD01C3900F09481091FA1
:10332000022940F29081133900F0AB84093900F092
:103330008A81891E00F04085491E00F0ED84491EF7
:10334000022940F28081091F00F0E684491F00F045
:10335000EF80491E00F09584491E00F0D780C91EF9
:103360000CD0891E00F08D84C91E00F08A8400F004
:103370002EBD01230793252100F026BDD9F80000BA
:1033800050F8044BC9F80000002C059440F0AB80C5
:103390002B994878002800F0A1804FF0FF340FF6F9
:1033A000942002F09DF9241A40F0398500F01BBDED
:1033B00001236A4602A9304600F000FE002840F0D2
:1033C0002E85641EF4D13096079C12AF74B1309EE6
:1033D00017F8011B0498B0470028049000F01F85DF
:1033E0000D98401C641E0D90F2D130960A9C30213D
:1033F000002C8DF800100CDD309E01236A4602A9D6
:10340000304600F0DBFD002840F00985641EF4D151
:103410003096059F089C74B1309E17F8011B0498E4
:10342000B0470028049000F0FA840D98401C641EF8
:103430000D90F2D130960B9C3021002C8DF80010AD
:103440000CDD309E01236A4602A9304600F0B6FD2D
:10345000002840F0E484641EF4D130960598089961
:10346000099C471874B1309E17F8011B0498B047A7
:103470000028049000F0D3840D98401C641E0D9029
:10348000F2D130960C9C3021002C8DF800100CDD10
:10349000309E01236A4602A9304600F08FFD0028C5
:1034A00040F0BD84641EF4D130969DF84000410781
:1034B0007FF584AE2020002D8DF800007FF77EAED2
:1034C000309C01236A4602A9204600F077FD0028BF
:1034D00040F0A5846D1EF4D130946FE60FF63C30B9
:1034E000059000F080BC0E9D002D04D5204601F013
:1034F000B5F9044607E02A46204602F011F90028F3
:1035000014BF041B2C46089400F06DBCD9F80010C1
:1035100051F8040BC9F8001020F00004002121F03C
:10352000FF35CDE9024512AB0593782100F040BC90
:103530002B99487820B14FF0FF340FF6B02030E7D8
:103540009DF84200622860D0682817D06A283FD0D2
:103550006C2806D0712847D074282CD07A281DD02A
:1035600062E0D9F8001051F8040BC9F800100028E7
:1035700066D14FF0FF340FF68C2012E7D9F8001017
:1035800051F8040BC9F8001020B94FF0FF340FF6C2
:10359000742006E70D99018000F025BCD9F80010D1
:1035A00051F8040BC9F80010002849D14FF0FF343E
:1035B0000FF65020F5E6D9F8001051F8040BC9F8C1
:1035C000001000283CD14FF0FF340FF63820E8E619
:1035D000D9F8001051F8040BC9F8001080B94FF069
:1035E000FF340FF62020DCE6D9F8001051F8040B68
:1035F000C9F8001020B94FF0FF340FF60820D0E6CC
:103600000D9AD317C0E90023EDE3D9F8001051F863
:10361000040BC9F8001020B94FF0FF340FF6E41086
:10362000BFE60D990170DEE3D9F8001051F8040BE4
:10363000C9F8001020B94FF0FF340FF6C810B0E6FB
:103640000D990160CFE39DF842004C2807BFD9F8DF
:103650000010CA1DD9F80000C21D22F00702C9F8E7
:103660000020D2E900010832C9F80020CDE90201AA
:10367000C80F02D007982D210AE0BDF8400081074D
:1036800002D507982B2103E0C00705D50798202114
:1036900012AA1154401C079012A807994BF020035E
:1036A00000EB010CDDE90201CDE92C01612BCDF825
:1036B00014C021AC0BD00E98002848BF062105D4B9
:1036C00004BF4BF02000672801D101210E91DDE9F4
:1036D00002014F0047EAD0777E15FF174FF0FF3207
:1036E000974208BF964210D1090341EA10510003E6
:1036F000002908BF002808D0ABF1610503211A2D6D
:10370000089118D30FF61C1110E0DDE902014A0000
:10371000521512F1010F11D108030FD1ABF1610560
:1037200003211A2D08911FD30FF6001103226046C2
:10373000FEF71CFF57E30FF6E801F7E7DDE90201AA
:103740006A4602F019F8CDE902014BF02000612829
:1037500011D1059830210170821C0592BBF1610FD7
:103760000CBF7821582102E00FF6BC01DEE7417062
:103770000798801C0790DDE9020120F0000231F07B
:10378000004308BF002A02D10026002542E14BF089
:103790002008B8F1610F40F092800E98002847BFD2
:1037A00021210191401C0190019FDDE92C017F1C2A
:1037B00000220023DDE9024502F016F838BF85F04B
:1037C000004500998DF88420091F002F00910DF10C
:1037D000850632DD204629460022002302F01EF82D
:1037E0002BD21C2202F034F804460D4602F0B2F847
:1037F000FF1F002F804609DD02F0B3F802460B469A
:103800002046294602F0B4F804460D46F01D072173
:10381000B8F1000F0CDD491E5EBF08F00F0200F882
:10382000012D4FEA2818F3D502E0002200F8012DFF
:10383000491EFAD5C61D002FCCDC0DF18500361AC5
:1038400001980DF185048642D8BF304600282FD458
:10385000B04206DA0DF185010A5C082AA8BF0F21E3
:1038600000DA0021024621AB134400E0401E13F8A9
:103870000159521E8D42F9D00F2904D10DF1850155
:103880008B5C5B1C8B54002A04D50099091D21AC6C
:10389000401C0091411E0BD4621813783033DDB206
:1038A0003A2DA4BF5B443A3B491E02F80139F4D5D6
:1038B0000E99002940F1AC80421E0E92A8E00099BA
:1038C000DFF8E82647F29750414391FBF2F200926D
:1038D000DDE92C45C2F10702002A25F0004504DD90
:1038E0002046294600F03EFB0BE052420020DFF864
:1038F000C01600F037FB02460B462046294602F070
:1039000040F804460D46B8F1660F06BF009F0A371F
:1039100006270E983F18142FC8BF142730208DF8A3
:1039200084000DF18506002F34DD2046294602F083
:1039300031F801460A4606F1080304200A26B2FBC4
:10394000F6F606EB860EA2EB4E02303203F8012C9F
:103950000A22B6FBF2F202EB820EA6EB4E063036DE
:10396000401E03F8026DE9D1083F002F03F108065D
:10397000D9DD084602F015F802460B4620462946D6
:1039800001F0F6FF0022DFF82C3602F011F80446B1
:103990000D46CAE70DF18500361A0DF1850404E0E5
:1039A0000098401E761E0090641C20783028F7D0C6
:1039B000B8F1660F02D10098401C04E0B8F1650F21
:1039C0000CBF012000200E9940188642B8BF701E1F
:1039D00000281DD4B04204DA215C3429C8BF392143
:1039E00000DC30210246631E9D1800E0401E15F8E1
:1039F0000169521E8E42F9D0392902D1A15C491CBD
:103A0000A154002A04D50099491C1C46401C009171
:103A10000646009D0E9F30B2002802DC01260FF200
:103A200010644BF02000662808BF6D1C15D0672875
:103A30000FFA85F841D118F1040F44DBB84542DA9A
:103A40009DF840006D1C010703D430B2B842D8BFC6
:103A5000074628B23F1A48BF00270FFA85F8B8F189
:103A6000000F00F3AF800898411C0891302205999F
:103A70000A54002F03DC9DF84000010705D5089883
:103A8000411C08912E2205990A5417EB080FB8BF64
:103A90007D422DB26842ED1932B20B909542B8BF0B
:103AA0002E46059B089836B20996324621461844A0
:103AB000FEF75CFDAD1B0C95CCE0BBF1610F15D1A1
:103AC0004FF0700B17E030B2B84204DA9DF84010A6
:103AD0000A0758BF07467F1E48BF0027BBF1670F84
:103AE00014BF4FF0450B4FF0650B04E0BBF1410FE5
:103AF00008BF4FF0500B0898411C0891002F059902
:103B000014F8012B0A5403DC9DF84000010719D575
:103B10000898411C08912E2205990A54002F11DDA6
:103B2000761E30B28742B8BF3E460598089B32B237
:103B300021461844FEF71AFD089836B23018BF1B0C
:103B400008900B97059808990844B8F1000F80F881
:103B500000B003D42B224270821C04E02D21454684
:103B60004170821C6D4200212CAB28460AE00446BD
:103B70000A2094FBF0F000EB8005A4EB450403F869
:103B8000014B491C00B20028F1DC012906DC4BF096
:103B90002000652804BF302002F8010B00292CAB5F
:103BA00008D1302002F8010B06E0491E585C303085
:103BB00002F8010B0029F8DC059908980844121A4C
:103BC000099247E030B229B288421BDA0598089B77
:103BD00032B221461844FEF7C9FC089936B2711872
:103BE0000891A8EB0600002F0B9003DC9DF8400025
:103BF000020705D5059A2E2050540999491C0991B0
:103C00000C9727E00598089B2AB221461844FEF736
:103C1000ADFC0898761B4044002F089003DC9DF80B
:103C200040100A0704D5411C08912E2205990A5418
:103C300030B28742B8BF3E460598089B32B204EBCB
:103C400008011844FEF792FC089836B23018BE1BE3
:103C500008900B969DF8400000F01400102840F0EA
:103C6000C280079A08980B99821809988A188218B6
:103C70000C980F998018884280F2B580081A0A9033
:103C8000B1E09DF84200622808D068280ED06A286A
:103C900014D06C281FD0712810D01CE0D9F8001067
:103CA00051F8040BC9F80010C0B21AE0D9F800109E
:103CB00051F8040BC9F8001080B212E0D9F80000E6
:103CC000C21D22F00702C9F80020D2E90001083223
:103CD000C9F8002006E0D9F8001051F8040BC9F823
:103CE00000100021CDE902019DF8400001075AD5DE
:103CF000DDE90223002B08BF002A54D04BF020003E
:103D0000782850D1079812A930220A54401C431C2D
:103D1000079301F800B046E09DF84200622808D001
:103D200068280ED06A2814D06C281FD0712810D0B3
:103D30001CE0D9F8001051F8040BC9F8001040B28B
:103D40001AE0D9F8001051F8040BC9F8001000B2BD
:103D500012E0D9F80000C21D22F00702C9F80020C5
:103D6000D2E900010832C9F8002006E0D9F80010B5
:103D700051F8040BC9F80010C117CDE90201002960
:103D800002D507982D210AE0BDF84000810702D531
:103D900007982B2103E0C00705D50798202112AA18
:103DA0001154401C079012A80799014405915946E7
:103DB00002A800F04DF816E001200790D9F80000A5
:103DC00050F8041BC9F800008DF848100BE00121E1
:103DD0002522BBF1000F07918DF8482003D0022265
:103DE00007928DF849B00F9D07990A986D1A0899A6
:103DF0002D1A0B986D1A09992D1A0C986D1A9DF8A9
:103E000040102D1A48073FF5DFAA2021002D8DF81C
:103E100000107FF7D9AA309E2C46FFF7C9BA4FF0A1
:103E2000FF3031B0BDE8F08FCBCCCC0C686A6C743D
:103E30007A4C00007072696E74665F733A2062613A
:103E40006420257320617267756D656E74000000D3
:103E50002DE9FC4707468A463C6950466F2808BF53
:103E6000082505D0FFF78EF9782814BF0A251025FC
:103E7000D7E900013C2680468946BAF1640F18BF95
:103E8000BAF1690F05D1002903D5D8F1000869EB13
:103E90004909B9F1000F08BFB8F1000F0CD1386B18
:103EA00050B9082D3AD197F83800010736D530229D
:103EB0003B2684F83B2031E08DF800A0404649467F
:103EC0002A46EB17FEF7CAFB3032D0B2761E3A28EC
:103ED00001960EDAA255404649462A46EB17FEF7F0
:103EE000BDFB80465FEA010908BFB8F1000F05D1AC
:103EF00008E09DF800001218513AEBE7F868A119A4
:103F00008842DBD3082D09D197F83800010705D581
:103F1000A05D302802D0761E3020A055C6F13C03AB
:103F2000BB61A119F960386B834208DAC31A3B629E
:103F30004FF6EF70398F01403987BDE8F3870028CD
:103F40000ED597F8380000F01400102808D17A6BCD
:103F50007969386A521A121AD21A002AC8BF3A620C
:103F6000BDE8F3872DE9D04306460F4614464FF0CF
:103F70000008DFF8449012E0E00707D542464B46C0
:103F80003046394601F014FD06460F464046494684
:103F900042464B4601F00CFD641080468946002CD9
:103FA000EAD130463946BDE8D0830000A086010042
:103FB0000000F03F84D7974100002440F8B5054643
:103FC0000E4617461C4600205CB117F8011BB0686E
:103FD000A847B06030B1F06A401CF0620020641E57
:103FE000F3D1F2BD4FF0FF30F2BD00007072696E88
:103FF00074665F733A20256E20646973616C6C6F20
:10400000776564007072696E74663A20626164203C
:10401000256E20617267756D656E7400000000008A
:104020006E616E004E414E00696E6600494E46005C
:1040300030003400022801D3012010E00B00DBB275
:10404000042B01DB01200AE0DFF8CC3703EB800012
:10405000C9B2405C824201D3012000E000207047D9
:10406000F8B504000F0015001E00022C01D301203A
:104070002AE02A003900C9B22000FFF7DBFF01283F
:1040800001D1012020E006983900C9B202291ED1D1
:10409000B6F5803F19D2202817D24FF4C052DFF86E
:1040A0007C1763030B4403EB850313441F6866F31B
:1040B00017271F606403214401EB850111440A683E
:1040C00060F3C7020A600020F2BD0120FCE7FFB2E6
:1040D000032F1FD1B6F1807F1AD2202818D24FF4B7
:1040E000E052DFF8381763030B4403EB85031344F6
:1040F0001F6807F0FF0757EA06271F606403214483
:1041000001EB850111440A6860F3C7020A60DAE72F
:104110000120D9E70120D7E700B20012C0B27047F2
:10412000F8B505000E001700280000B2FFF7F4FFF5
:1041300004002000C0B2022801D3012024E03A008C
:104140003100C9B22000C0B2FFF774FF012801D1CD
:10415000012019E0DFF8C4162000C0B24003084473
:104160002A00D2B200EB8200D0F8000CF6B266F35F
:10417000092067F30700E4B264032144EDB201EBC8
:104180008501C1F8000C0020F2BD70B504000D00DF
:104190001600022C01D301201DE032002900C9B213
:1041A0002000FFF747FF012801D1012013E0DFF8CD
:1041B0006C166003085850F0004050F0407050F406
:1041C0007F00EDB265F3092066F3070062038850B3
:1041D00064030859002070BDD0F840037047D0F840
:1041E0000803C005C00D7047C0F840127047D0F8F2
:1041F0000802C005C00D7047D0F80802C0F3C030F7
:10420000704738B505002800FFF7F1FF04002800CB
:10421000FFF7F2FF0419002C01D1012000E000207B
:10422000C0B232BDC0F8C81F7047D0F8C80F704781
:10423000C0F8881F7047D0F8880F7047016851F0A8
:1042400000410160704738B504001500C9B200296B
:1042500006D002291ED010D3042935D027D340E040
:10426000DFF8BC05A06001202073112060734FF4BB
:104270008C70E0811220208239E0DFF8A805A06070
:10428000012020731120607340F21D10E0816B202B
:1042900020822CE0DFF89005A0600120207311201F
:1042A00060734FF48E70E0816A2020821FE0DFF897
:1042B0007C05A060022020731120607340F21B1067
:1042C000E0816920208212E0DFF86405A06001200F
:1042D0002073132060734FF48D70E081682020827A
:1042E00005E07C22DFF84C150020FEF77EFCEDB2E5
:1042F000002D06D0022D1ED010D3042D35D027D38B
:1043000040E0DFF81C052060002020711120607162
:104310004FF48C70E0811220208239E0DFF8040530
:104320002060002020711120607140F21D10E0819A
:104330006B2020822CE0DFF8F00420600020207148
:10434000112060714FF48E70E0816A2020821FE09E
:10435000DFF8D8042060012020711120607140F244
:104360001B10E0816920208212E0DFF8C404206085
:1043700000202071132060714FF48D70E08168205F
:10438000208205E0A822DFF8AC140020FEF72DFC07
:1043900031BD10B5C0B2002806D002280AD006D31D
:1043A00004280DD009D30EE0DFF88C4411E0DFF8CB
:1043B0008C440EE0DFF888440BE0DFF8884408E026
:1043C000DFF8844405E0BD22DFF868140020FEF722
:1043D0000CFC200010BD38B50400DFF87054C9B2E1
:1043E0002000C0B255F82000FFF7FEFE2000C0B24A
:1043F00055F82000FFF705FF0028F7D031BD70B554
:1044000005000E00140006E031782800C0B2FFF766
:10441000E2FF641E761C002CF6D170BD38B5040096
:104420000D0005E029782000C0B2FFF7D4FF6D1C15
:1044300028780028F6D131BD70B504000D000020A9
:10444000DFF808642000C0B256F82000FFF7C7FE6E
:10445000002807D0E4B256F82400FFF7BDFE28700C
:10446000012000E00020C0B270BD70B505000C0056
:10447000DFF8D8632800C0B256F82000FFF7DBFE53
:104480004008400001002800C0B256F82000FFF7A5
:10449000CFFE2800C0B256F82000FFF7CCFE30F067
:1044A000020001002800C0B256F82000FFF7C0FE4D
:1044B0002800C0B256F82000FFF7BDFE30F0200003
:1044C00001002800C0B256F82000FFF7B1FE280016
:1044D000C0B256F82000FFF7AEFE30F040000100F9
:1044E0002800C0B256F82000FFF7A2FE2800C0B294
:1044F00056F82000FFF79FFE30F010000100280062
:10450000C0B256F82000FFF793FE2800C0B256F85C
:104510002000FFF790FE30F4807001002800C0B248
:1045200056F82000FFF784FE2800C0B256F820009D
:10453000FFF781FE30F4806001002800C0B256F819
:104540002000FFF775FE002C0ED02800C0B256F8F0
:104550002000FFF76AFE50F400700100EDB256F83B
:104560002500FFF765FE0DE02800C0B256F82000D8
:10457000FFF75BFE30F400700100EDB256F8250045
:10458000FFF756FE70BD70B505000C00DFF8BC6289
:104590002800C0B256F82000FFF747FE4008400050
:1045A00001002800C0B256F82000FFF73BFE2800AB
:1045B000C0B256F82000FFF738FE30F008000100C6
:1045C0002800C0B256F82000FFF72CFE2800C0B229
:1045D00056F82000FFF729FE30F0200001002800E7
:1045E000C0B256F82000FFF71DFE2800C0B256F8F2
:1045F0002000FFF71AFE30F4807001002800C0B2DE
:1046000056F82000FFF70EFE2800C0B256F8200032
:10461000FFF70BFE30F4007001002800C0B256F81E
:104620002000FFF7FFFD2800C0B256F82000FFF77A
:10463000FCFD30F4006001002800C0B256F82000F4
:10464000FFF7F0FD002C0ED02800C0B256F8200075
:10465000FFF7EBFD50F004000100EDB256F8250025
:10466000FFF7E0FD0DE02800C0B256F82000FFF78C
:10467000DCFD30F004000100EDB256F82500FFF734
:10468000D1FD70BD2DE9F841A7B005000F0016005F
:1046900028003100C0B2C9B2884201D1012000E037
:1046A00000201C00DFF88C814FF4CE724146C0B26E
:1046B000FEF79BFA28002100C0B2C9B2884201D19E
:1046C000012000E0002040F29D124146C0B2FEF7FA
:1046D0008CFA02A8142100F0F3FF342100220DF11E
:1046E00068084046FDF70AFF4C2100220DF11C0826
:1046F0004046FDF703FFFF003A0000235448002125
:10470000FDF7ACFF07002200D2B23100C9B202A807
:10471000FFF799FD08201B909DF80D008DF87000A3
:104720001AAA9DF80C100298FEF7EBFC06201B90CD
:104730009DF80D008DF870001AAA9DF814100498C9
:10474000FEF7DFFC00200790082008900820099061
:1047500002200B9000200C9000201290002014905A
:104760003A4C2800C0B254F8200001F06DFA3949E3
:104770002A00D2B2382042430A4407A92800C0B216
:1047800054F8200001F01EF92800C0B254F82000AF
:10479000FFF754FD2A00D2B20321BDF91600FFF73E
:1047A000BFFCBDF91600FFF7B7FC17F01F01009121
:1047B000C7F357132A00D2B20321C0B2FFF750FC4F
:1047C000BDF91600FFF7A8FC2A00D2B20321C0B23F
:1047D000FFF7DBFCBDF91800ADF800000320ADF8D1
:1047E000020001208DF8040007221B482900C9B2ED
:1047F00050F82110684600F0C7FA00212800C0B226
:10480000FFF7C1FE00212800C0B2FFF72EFE28B03E
:10481000BDE8F08100000000D0DA0810000004407C
:104820000000314000023140000531408008314035
:1048300000073140A0D6081000006040000065402D
:1048400000006440000063400000624084090228C8
:1048500000809698D83802287009022800F10103D8
:10486000810704D010F8011B820781B1FAD10268D8
:10487000A2F10131914311F0803104BF50F8042FAF
:10488000F6E709BAB1FA81F100EBD100401CC01A79
:104890007047350082688918816003E08268416949
:1048A000521A8260816842699142F7D27047C268A9
:1048B0008918C16003E0C2684169521AC260C168C8
:1048C00042699142F7D2704770B50400002C01D0C4
:1048D000012000E000205422DFF8FC13C0B2FEF7F4
:1048E00084F90025207850F0010020700020A0609D
:1048F0000020E060606920616078002803D0022811
:1049000010D007D315E06169002266683000FDF71A
:10491000F5FD0EE061694900002266683000FDF790
:10492000EDFD06E061698900002266683000FDF750
:10493000E5FD002020702800C0B270BD10B5040055
:10494000002C01D0012000E000207022DFF8881345
:10495000C0B2FEF74AF960692169401A10BD2DE91D
:10496000F84305001600002D01D0012000E00020D2
:104970000C00AA22DFF86013C0B2FEF736F9002758
:104980000020002C01D10327B5E0287810F0050F96
:1049900001D00427AFE0287850F00400287028697F
:1049A000B042C0F0A380D5F81480A868B8EB000826
:1049B000B04567D26878002803D0022841D01FD3C1
:1049C00090E0424621006868AB6800EB0309484666
:1049D000FDF7CCFD41462800FFF75CFFB6EB08026F
:1049E00004EB08016868AB6800EB03042000FDF7E6
:1049F000BDFDB6EB080841462800FFF74BFF71E00C
:104A00005FEA480221006868AB6800EB430948464A
:104A1000FDF7ACFD41462800FFF73CFFB6EB08026E
:104A2000520004EB48016868AB6800EB43042000C7
:104A3000FDF79CFDB6EB080841462800FFF72AFF6A
:104A400050E05FEA880221006868AB6800EB8309E8
:104A50004846FDF78BFD41462800FFF71BFFB6EBEC
:104A60000802920004EB88016868AB6800EB8304DD
:104A70002000FDF77BFDB6EB080841462800FFF754
:104A800009FF2FE06878002803D002281DD00ED33C
:104A900028E0320021006868AB6800EB03042000C6
:104AA000FDF764FD31002800FFF7F4FE1AE0720004
:104AB00021006868AB6800EB43042000FDF756FD59
:104AC00031002800FFF7E6FE0CE0B2002100686824
:104AD000AB6800EB83042000FDF748FD310028009F
:104AE000FFF7D8FE2869861B2E6100E0052728788D
:104AF00010F0FB0028703800C0B2BDE8F2832DE949
:104B0000F04705000E001F00002D01D0012000E03D
:104B100000201400DFF8C08140F25B124146C0B2B1
:104B2000FEF763F8002C01D0012000E000204FF4D4
:104B3000AE724146C0B2FEF758F85FF000080020A0
:104B40000020002E02D15FF003088BE0297811F0DD
:104B5000030F03D020605FF006089CE02800FFF7F9
:104B6000EDFE2168884209D220605FF00708002826
:104B700004D1287810F0F70028708CE0287850F0E5
:104B800008002870D5F81490E868B9EB000920688F
:104B9000814522D36878002803D0022813D008D397
:104BA0005CE022686868E96801443000FDF7DEFCDB
:104BB00054E0226852006868E96800EB4101300067
:104BC000FDF7D4FC4AE0226892006868E96800EBCF
:104BD00081013000FDF7CAFC40E06878002803D06E
:104BE000022827D011D339E04A466868E9680144B1
:104BF000B2465046FDF7BAFC2268B2EB090269687A
:104C00004E443000FDF7B2FC28E05FEA49026868D4
:104C1000E96800EB4101B2465046FDF7A7FC226867
:104C2000B2EB09025200696806EB49063000FDF755
:104C30009DFC13E05FEA89026868E96800EB810186
:104C4000B2465046FDF792FC2268B2EB0902920090
:104C5000696806EB89063000FDF788FC287810F0BB
:104C6000F7002870FFB2002F15D128780B2802D149
:104C70005FF002080FE0287850F0020028702168E9
:104C80002800FFF714FE2969206841182961287857
:104C900010F0FD0028704046C0B2BDE8F087F8B5BE
:104CA00004000E0017001D00002C01D0012000E0C0
:104CB00000204FF407720849C0B2FDF796FF0020AC
:104CC00067600021217066700021A1600021E16011
:104CD00025616561C0B2F2BD54810810010009B2BE
:104CE000002908D4012210F01F018A401B4900B29C
:104CF000400941F820207047010009B2002908D47A
:104D0000012210F01F018A40154900B2400941F804
:104D100020207047020012B2002A04D44901114A2F
:104D200000B2115407E049010F4A00B210F00F0021
:104D3000104400F8041C7047002800D162B60B48EC
:104D40000168491C0160704772B60849086800286C
:104D500002D00868401E08600868704700E100E063
:104D600080E200E000E400E018ED00E08443022867
:104D700080B5FFF7E9FF01F087FD01BD80B5C9B23D
:104D800000B2FFF7C7FF01BD70B504000D001600AB
:104D9000200001F0ADFE2900B4F9000001F0E7FEAB
:104DA0003100C9B2B4F90200FFF7E8FFB4F902001C
:104DB000FFF7A2FFB4F90200FFF790FF70BD3600C5
:104DC00038B50400082C10D3DFF8B0521822DFF8F1
:104DD000B012280000F06AF90020E875E820DFF83A
:104DE000A4120860002000F099F9DFF89C02640129
:104DF000204432BDDFF894321B6862F31F4361F335
:104E00000F0383607047C0687047DFF884321B6807
:104E100062F31F4361F30F03036000687047C069CA
:104E2000C00FC0B27047F8B502000D00002A01D1D2
:104E3000052053E0DFF85C120868C0F30320002867
:104E400001D1002007E00868C0F303200E2801D13B
:104E5000012000E00220DFF84012400101EB0006D3
:104E60007FF07044DFF83472380011001022FDF733
:104E70007DFB38684008400038601021380000F0A1
:104E8000A9F9DFF81C323A000121300001F098FE48
:104E9000002804D0012021E0641E002C15D0300031
:104EA000FFF7BDFF0028F7D1002D08D010213800F2
:104EB00000F07EF9280039001022FDF757FB00F0C2
:104EC00041F8012803D1032008E0022006E000F0A9
:104ED00039F8002801D1002000E00420F2BD38B5E7
:104EE0000100002901D105202BE06A4A1068C0F3B7
:104EF0000320002801D1002007E01068C0F3032040
:104F00000E2801D1012000E00220634A400102EB9B
:104F10000004624D28001022FDF728FB2868400895
:104F2000400028601021280000F054F95C4B2A0052
:104F30000121200001F044FE002801D0012000E002
:104F4000002032BD10B5554C1021200000F030F982
:104F5000206810F07040B0F1204F01D1002008E02F
:104F6000206810F07040B0F1704F01D1012000E0D6
:104F7000022010BD38B50400FFF7E4FF050028004B
:104F8000C0B2022802D17FF070400DE0002C04D0A6
:104F9000200042491022FDF7E9FAEDB2002D01D1BF
:104FA000002001E03D48006832BD10F07041B1F1D1
:104FB000204F01D1002006E010F07041B1F1704F98
:104FC00001D07FF0704070473EB5364AD2E90045C7
:104FD000CDE90045ADF8021033490860684601F09C
:104FE00087FD0FF24101BDF9000001F0C0FD022074
:104FF000FFF7E6FE274A1168C1F30321002901D11A
:10500000002107E01168C1F303210E2901D101211C
:1050100000E002210022012313FA01F1FFF7EAFE6A
:1050200037BD000038B500200220FFF7C9FE04009C
:105030002000FFF7E8FE050016490868C0F30320CA
:10504000002801D1002007E00868C0F303200E28E3
:1050500001D1012000E002202900C140C80705D588
:1050600011490868002801D0086880472A00120CFE
:10507000ADB229002000FFF7C8FE31BD7042022802
:105080004CD3081034430228001022405CDC081086
:1050900060DC08100000204000002240E0420228AE
:1050A00030430228C8DA08102C43022801B58B07C8
:1050B0001AD1830724D1121F21D351F8043BA3F145
:1050C000013C2CEA030C1CF0803C04BF40F8043B7C
:1050D000F1E79CFA8CFCBCFA8CF1C1F118018B4011
:1050E000CB4040F8043B13E0042A09D311F8013BFC
:1050F000521E00F8013B5BB18B07F7D1D9E7121DB7
:105100005AB111F8013B521E00F8013B03B1F8D12E
:1051100011001CBF0022FDF7F5F901BD01BEFEE73D
:1051200080B5354A35490B6893423ED00A60344A0F
:1051300012684A62334A8A6202684A6042688A6038
:105140008268CA60C2680A6102694A6142698A610A
:105150008269CA61C2690A62F1EE102A12F0900FE8
:1051600023D0294A8A62026ACA62426A0A63826A50
:105170004A63C26A8A63026BCA63426B0A64826BC7
:105180004A64C26B8A64026CCA64426C0A65826CAF
:105190004A65C26C8A65026DCA65426D0A66826D97
:1051A0004A66C26D8A66006EC86601F027FD01BDC1
:1051B00001290EDB10F01F025118BFF34F8F134A65
:1051C0001060203020390129F9DABFF34F8FBFF387
:1051D0006F8F704701290EDB10F01F025118BFF3CB
:1051E0004F8F0B4A1060203020390129F9DABFF3C4
:1051F0004F8FBFF36F8F7047FAF9F8F7543E0228CC
:1052000028ED00E0A4A3A2A1ABAAA9A85CEF00E04E
:1052100068EF00E0DFF83C040068400B10F001008C
:105220007047DFF830040068000B10F00100704791
:10523000DFF82404016851F0010101600168C90729
:10524000FCD470471FB50400C9B2012924D16846B7
:10525000102100F035FA69462000FFF7E4FD010057
:10526000C9B2012902D1DFF8F4031EE00100C9B27E
:10527000022902D1DFF8E80317E0C0B2042802D106
:10528000DFF8E00311E0009800F0F6F800280CD1F8
:10529000FFF7CEFF002008E02000FFF720FE0028E7
:1052A00002D0DFF8B80300E0002004B010BD38B52C
:1052B00084B00C001500002C02D1DFF8AC033DE0F7
:1052C000206800F0C7F8012802D06068002802D1E9
:1052D000DFF8940332E06846102100F0F1F906206F
:1052E000009960F31F610091207A009960F30F210B
:1052F0000091607A009960F317410091E07A01997A
:1053000060F30F210191A07A019960F307010191E7
:10531000207B019960F31F61019120680290606811
:105320000390DFF84803A17A30F811106068FFF7A6
:1053300051FF2900C9B26846FFF784FF05B030BDB0
:1053400010B50400FFF766FF00280ED114F16C4081
:10535000B0F5403F01D2002026E0DFF81403041925
:10536000B4F5803F1FD200201EE014F16C40B0F570
:10537000C03F01D2002017E0DFF8F8020019B0F5B5
:10538000004F01D200200FE014F16B40B0F5C03F98
:1053900001D2002008E0DFF8E0020419B4F5004F64
:1053A00001D2002000E0012010BD10B50400FFF77D
:1053B00031FF002807D1DFF8B8020419B4F5803FA7
:1053C00011D2012010E0DFF8AC020019B0F5004F57
:1053D00001D2012008E0DFF8A0020419B4F5004F63
:1053E00001D2012000E0002010BD10B50400FFF73D
:1053F00018FF00280ED114F17040B0F57C1F01D2C7
:10540000002026E0DFF874020419B4F5003F1FD233
:1054100000201EE014F17040B0F5FC1F01D2002006
:1054200017E0DFF85C020019B0F5803F01D20020E0
:105430000FE014F16E40B0F5FC1F01D2002008E02F
:10544000DFF840020419B4F5803F01D2002000E0EB
:10545000012010BD10B504002000FFF771FF0028E7
:1054600001D1002007E02000FFF7BFFF002801D195
:10547000002000E0012010BD80B5FFF796FD002858
:1054800001D1002056E07FF07041884202D1DFF860
:10549000D4014FE0DFF8F011401A1CD0801E1DD05F
:1054A000401E1ED0401E1FD0401E20D0001F21D005
:1054B000873822D0401E23D0123824D0401E25D059
:1054C000401E26D0801E27D0801E28D0083829D024
:1054D00009382AD02CE05FF4A4002BE0DFF8AC01FF
:1054E00028E0DFF8AC0125E0DFF8A80122E0DFF8D2
:1054F0006C011FE0DFF8A0011CE0DFF8A00119E05B
:10550000DFF89C0116E0DFF89C0113E0DFF898015A
:1055100010E0DFF898010DE0DFF894010AE0DFF811
:10552000940107E0DFF8900104E0DFF8900101E06A
:10553000DFF8300102BD38B584B00C001500002C36
:1055400002D1DFF8240128E02068FFF783FF01285B
:1055500002D1DFF8140120E0207810F0030F02D010
:10556000DFF8040119E06846102100F0A9F81420C2
:10557000009960F31F6100912079009960F30F2179
:1055800000916079009960F31741009120680190C3
:105590002900C9B26846FFF755FE05B030BD38B5E1
:1055A00088B00C001500002C01D12F484FE0606836
:1055B000002801D12C484AE02068FFF7C1FE0128ED
:1055C00008D02068616810EB8100401EFFF7B8FE2C
:1055D000012801D124483AE06846102100F070F813
:1055E0002A20009960F31F61009120680190606893
:1055F000401E80B20299090C090408430290EDB2E2
:10560000012D1CD104A8102100F05AF804A9684605
:10561000FFF709FC0100C9B2012901D10F4816E0CA
:105620000100C9B2022901D10D4810E0C0B204281E
:1056300001D10C480BE00498FFF71EFF07E0684615
:10564000FFF74DFC002801D0044800E0002009B01D
:1056500030BD000000002440080024400400520037
:1056600010005200FF0052000F0052009CD9081099
:105670000000FDEB0080FEEB0080FEEA0000C1EFC1
:105680000080E0EF0080E0ED010000F0010052003A
:1056900002005200030052000500520006005200B2
:1056A0000700520008005200090052000A00520090
:1056B0000B0052000C0052000D0052000E00520070
:1056C000002201F09DBA3700C9B202788A421AB1AD
:1056D0001CBF10F8012FF9E718BF002070473800F1
:1056E00080B500B906A005490B681BB12222002134
:1056F000984701E001F09DFA222002BD8C43022868
:10570000636F6E73747261696E742068616E646C2D
:1057100065723A20626164206D657373616765002C
:10572000C9B2830706D0521E22D310F8013B99421A
:10573000F7D11FE0083A13D302F1040241EA012134
:1057400041EA014150F8043B121F21BF4B40A3F135
:10575000013C2CEA030C1CF0803FF3D0C9B2001FBF
:10576000083210F8013B521E28BF91EA030FF8D807
:1057700018BF0120401E704710B5144600F002F813
:10578000226010BDC1F30A5343B14A0012F5001F55
:1057900028D2A3F2FE32A1EB0251704750EA410C2D
:1057A00020D001F0004C31EA0C01B1FA81F204BFC3
:1057B000B0FA80F3D2180B3AB2F120032CBF00FAF2
:1057C00003F1914041EA0C013EBFC2F1200C20FAE6
:1057D0000CF319439040524240F2FD33D21A01EBD0
:1057E000035170470022704741EA030C50EA4C0C09
:1057F00052EA0C0C4FF4001C09D307D01CEB410FEC
:105800009CBF1CEB430F8B4208BF824270471CEBCE
:10581000430FFBD8994208BF9042704741EA030CFE
:1058200050EA4C0C52EA0C0C4FF4001C09D307D080
:105830001CEB410F9CBF1CEB430F994208BF9042E9
:1058400070471CEB410FFBD88B4208BF8242704768
:1058500000B541EC100B104600F004F851EC100BB1
:1058600000BD00BF020030EE101B40F2FF7C37D4B9
:105870001CEA115313D063456BD09B18634504D2C7
:1058800001EB025120EE101B704701F0004141EA8C
:105890000C51002041EC100BAFF30080704710EE6C
:1058A000100B50EA410054D0B2F57F7F08D202EBD2
:1058B0005C010905002041EC110B20EE010B704743
:1058C0004FF0FE41002341EC113B20EE010BB2F5FD
:1058D0007E7230EE101B4FEA410342EB5353CDE78B
:1058E00052421CEA115316D0634532D09A4204D278
:1058F000A1EB025120EE101B70475B1ED21AA1EBE8
:10590000035120EE101B372A0CD3002001F0004178
:1059100041EC100BC0E710EE100B50EA410018D01C
:10592000372AF2D2C2EB5C021105002041EC110BC8
:10593000F1EE100A20F01F0121F4F851E1EE101AE7
:1059400020EE010BF1EE101AE1EE100A11F0080F33
:10595000A2D1704741EC100BBDEEC00B10EE100A47
:10596000704700EE100AB8EEC00B51EC100B7047F8
:1059700041EC100B43EC112B30EE410B51EC100BB2
:10598000704741EC100B43EC112B80EE010B51ECF6
:10599000100B704741EC100BBCEEC00B10EE100A60
:1059A000704700EE100AB8EE400B51EC100B704738
:1059B00041EC100B43EC112B20EE010B51EC100BC2
:1059C000704700002DE9F44FDFF8D822DFF8D83215
:1059D0001B68DFF8D8422468DFF8D4522D68DFF85E
:1059E000D4623668DFF8D0723F68DFF8D0C2DCF8E6
:1059F00000C0DFF8CCE2DEF800E0DFF8C882D8F8BB
:105A00000080DFF8C492D9F80090DFF8C0A2DAF87D
:105A100000A0002800F01581002900F012810A681A
:105A2000022A06D191F82620002A02D15FF0000B4D
:105A300003E0D1F804B0BBF1010B91F82420002A57
:105A400001D0012200E0002262F3104333F440430E
:105A50006BF30303022262F3196303600A7812F006
:105A6000030262F31964046491F82520002A01D02E
:105A7000012200E0002262F38615CA7E002A01D0CE
:105A8000012200E0002262F38A254A7E002A01D02A
:105A9000012200E0002262F308258A7E002A01D05C
:105AA000012200E0002262F349258A6B521E12F0A7
:105AB0000F0262F313450A69521E12F00702ED0845
:105AC000ED0015434A6962F304154A69520862F30E
:105AD000451585640A7B002A01D0012200E00022DE
:105AE00062F308260A7E002A01D0012200E000228B
:105AF00062F349268A68521E12F01F027609760167
:105B00001643C0F800630A7F02F0FF023F0A3F021B
:105B1000174391F8202002F0FF0262F31747C0F804
:105B2000107391F82720002A01D0012200E0002202
:105B300062F3082C0A69521E12F007025FEADC0CBD
:105B40005FEACC0C52EA0C0C4A6962F3041C4A6905
:105B5000520862F3451CC0F844C00A7B002A01D0F9
:105B6000012200E0002262F3082E8A68521E12F021
:105B70001F025FEA5E1E5FEA4E1E52EA0E0E0A68C0
:105B8000012A01D1012200E0002262F3104EC0F888
:105B900000E291F83C2002F0FF025FEA18285FEA79
:105BA000082852EA0808C0F8048391F82820002A3F
:105BB00001D0012200E0002262F35969CA6A012A79
:105BC00001D1012200E0002262F318694A6B012A28
:105BD00001D1012300E00023009A63F3104991F8FA
:105BE000303003F0FF035FEA19295FEA092953EA1D
:105BF0000909C0F8509091F8443003F0FF035FEAC0
:105C00001A2A5FEA0A2A53EA0A0AC0F804A28B6C2D
:105C1000C0F8883F096CC0F8C81F002A10D00020C7
:105C2000506000201060002090600020D0600020B4
:105C300010620020D06200201063DFF894005063EF
:105C400000221000BDE8F28FDFF8881001605FF4D9
:105C5000401101640021816440F20711C0F8001373
:105C60000022C0F804230022C0F81023002242645E
:105C7000C0F800120021C0F80412002101650021C3
:105C8000C0F8C81E0021C0F8881E0021C0F8C81F37
:105C90000021C0F8881F0021C0F8081F0021C0F8AB
:105CA000481F70470160AA0034DC081038DC081077
:105CB0003CDC081040DC081044DC081048DC08100C
:105CC0004CDC081050DC081054DC081058DC0810BC
:105CD000EFCDAB000F000003022801D3012010E03C
:105CE0000B00DBB2042B01DB01200AE0DFF82838CF
:105CF00003EB8000C9B2405C824201D3012000E086
:105D000000207047F8B506000F0015001C00022E99
:105D100001D301201DE02A003900C9B23000FFF78D
:105D2000DBFF012801D1012013E03800C0B20028B8
:105D300012D1B4F5807F0DD2DFF8E007760330444E
:105D400000EB850010F58050016864F30F210160BD
:105D50000020F2BD0120FCE7FFB2012F11D1B4F504
:105D6000803F0CD2DFF8B4077603304400EB8500A7
:105D700010F5A050016864F317210160E8E70120E5
:105D8000E7E70120E5E700B20012C0B27047F8B5BE
:105D900005000E001700280000B2FFF7F4FF040012
:105DA0002000C0B2022801D3012024E03A003100D3
:105DB000C9B22000C0B2FFF78FFF012801D1012036
:105DC00019E0DFF858172000C0B2400308442A0049
:105DD000D2B200EB8200D0F8000CF6B266F30920D4
:105DE00067F30700E4B264032144EDB201EB8501DF
:105DF000C1F8000C0020F2BD70B504000D001600C3
:105E0000022C01D301201DE032002900C9B220007C
:105E1000FFF762FF012801D1012013E0DFF8FC1633
:105E20006003085850F0004050F0407050F47F007C
:105E3000EDB265F3092066F307006203885064033E
:105E40000859002070BD10B5C0B2002800F0EA80EB
:105E5000022800F0EB80C0F0E780042800F0EA8020
:105E6000C0F0E680062800F0E980C0F0E580082850
:105E700000F0E880C0F0E4800A2800F0E780C0F07D
:105E8000E3800C2800F0E680C0F0E2800E2800F0ED
:105E9000E580C0F0E180102800F0E480C0F0E080F0
:105EA000122800F0E380C0F0DF80142800F0E280C8
:105EB000C0F0DE80162800F0E180C0F0DD801828F8
:105EC00000F0E080C0F0DC801A2800F0DF80C0F035
:105ED000DB801C2800F0DE80C0F0DA801E2800F095
:105EE000DD80C0F0D980202800F0DC80C0F0D880B0
:105EF000222800F0DB80C0F0D780242800F0DA8070
:105F0000C0F0D680262800F0D980C0F0D58028289F
:105F100000F0D880C0F0D4802A2800F0D780C0F0EC
:105F2000D3802C2800F0D680C0F0D2802E2800F03C
:105F3000D580C0F0D180302800F0D480C0F0D0806F
:105F4000322800F0D380C0F0CF80342800F0D28017
:105F5000C0F0CE80362800F0D180C0F0CD80382847
:105F600000F0D080C0F0CC803A2800F0CF80C0F0A4
:105F7000CB803C2800F0CE80C0F0CA803E2800F0E4
:105F8000CD80C0F0C980402800F0CC80C0F0C8802F
:105F9000422800F0CB80C0F0C780442800F0CA80BF
:105FA000C0F0C680462800F0C980C0F0C5804828EF
:105FB00000F0C880C0F0C4804A2800F0C780C0F05C
:105FC000C3804C2800F0C680C0F0C2804E2800F08C
:105FD000C580C0F0C180502800F0C480C0F0C080EF
:105FE000522800F0C380C0F0BF80542800F0C28067
:105FF000C0F0BE80562800F0C180C0F0BD80582897
:1060000000F0C080C0F0BC805A2800F0BF80C0F013
:10601000BB805C2800F0BE80C0F0BA805D2800F034
:10602000BB80BBE01924BFE03124BDE01824BBE0F5
:106030003324B9E03524B7E01424B5E03724B3E0C5
:106040001324B1E02024AFE01224ADE02124ABE022
:106050001124A9E01024A7E02824A5E02924A3E026
:106060002A24A1E009249FE02B249DE008249BE042
:106070002C2499E0032497E0022495E0392493E04E
:106080003B2491E03D248FE001248DE03F248BE010
:10609000002489E0402487E0412485E0422483E015
:1060A000432481E0BF247FE048247DE049247BE055
:1060B000BC2479E0992477E09A2475E0502473E0B9
:1060C0009B2471E0B6246FE051246DE09C246BE0CA
:1060D000B52469E0522467E0A02465E0B42463E0BD
:1060E000532461E0B3245FE054245DE0B2245BE01C
:1060F000B12459E0AD2457E0602455E0AE2453E0CC
:10610000612451E0AD244FE062244DE063244BE074
:10611000AB2449E0642447E0AA2445E0652443E039
:10612000A92441E0A8243FE069243DE06B243BE042
:106130006D2439E06F2437E0A32435E0702433E088
:10614000A22431E071242FE0A1242DE097242BE03C
:10615000962429E0742427E0952425E0752423E083
:10616000942421E093241FE092241DE078241BE076
:10617000792419E08C2417E07A2415E08B2413E0AD
:106180007B2411E08A240FE05A240DE059240BE00F
:10619000892409E0582407E0882405E09D22DFF8DF
:1061A00040190020FCF721FD2000C0B210BD10B541
:1061B000C0B2002800F0EA80022800F0EB80C0F0B6
:1061C000E780042800F0EA80C0F0E680062800F0AE
:1061D000E980C0F0E580082800F0E880C0F0E480A5
:1061E0000A2800F0E780C0F0E3800C2800F0E68089
:1061F000C0F0E2800E2800F0E580C0F0E1801028B9
:1062000000F0E480C0F0E080122800F0E380C0F0ED
:10621000DF80142800F0E280C0F0DE80162800F055
:10622000E180C0F0DD80182800F0E080C0F0DC8064
:106230001A2800F0DF80C0F0DB801C2800F0DE8030
:10624000C0F0DA801E2800F0DD80C0F0D980202860
:1062500000F0DC80C0F0D880222800F0DB80C0F0A5
:10626000D780242800F0DA80C0F0D680262800F0FD
:10627000D980C0F0D580282800F0D880C0F0D48024
:106280002A2800F0D780C0F0D3802C2800F0D680D8
:10629000C0F0D2802E2800F0D580C0F0D180302808
:1062A00000F0D480C0F0D080322800F0D380C0F05D
:1062B000CF80342800F0D280C0F0CE80362800F0A5
:1062C000D180C0F0CD80382800F0D080C0F0CC80E4
:1062D0003A2800F0CF80C0F0CB803C2800F0CE8080
:1062E000C0F0CA803E2800F0CD80C0F0C9804028B0
:1062F00000F0CC80C0F0C880422800F0CB80C0F015
:10630000C780442800F0CA80C0F0C680462800F04C
:10631000C980C0F0C580482800F0C880C0F0C480A3
:106320004A2800F0C780C0F0C3804C2800F0C68027
:10633000C0F0C2804E2800F0C580C0F0C180502857
:1063400000F0C480C0F0C080522800F0C380C0F0CC
:10635000BF80542800F0C280C0F0BE80562800F0F4
:10636000C180C0F0BD80582800F0C080C0F0BC8063
:106370005A2800F0BF80C0F0BB805C2800F0BE80CF
:10638000C0F0BA805D2800F0BB80BBE00824C0E00C
:106390000824BEE00824BCE00824BAE00824B8E0E1
:1063A0000824B6E00824B4E00824B2E00824B0E0F1
:1063B0000824AEE00824ACE00824AAE00824A8E001
:1063C0000824A6E00824A4E00824A2E00824A0E011
:1063D00008249EE008249CE008249AE0082498E021
:1063E000082496E0082494E0082492E0082490E031
:1063F00008248EE008248CE008248AE0082488E041
:10640000082486E0082484E0082482E0082480E050
:1064100008247EE008247CE008247AE0082478E060
:10642000082476E0082474E0082472E0082470E070
:1064300008246EE008246CE008246AE0082468E080
:10644000082466E0082464E0082462E0082460E090
:1064500008245EE008245CE008245AE0162458E092
:10646000082456E0082454E0082452E0082450E0B0
:1064700008244EE008244CE008244AE0082448E0C0
:10648000082446E0082444E0082442E0082440E0D0
:1064900008243EE008243CE008243AE0082438E0E0
:1064A000082436E0082434E0082432E0082430E0F0
:1064B00008242EE008242CE008242AE0082428E000
:1064C000082426E0082424E0082422E0082420E010
:1064D00008241EE008241CE008241AE0082418E020
:1064E000082416E0082414E0082412E0082410E030
:1064F00008240EE008240CE008240AE0082408E040
:10650000082406E04FF48672DFF8D4150020FCF76B
:106510006CFB2000C0B210BDD0DA081000000440AF
:1065200080B5C0B2002800F0EA80022800F0EB80BD
:10653000C0F0E780042800F0EA80C0F0E68006287A
:1065400000F0E980C0F0E580082800F0E880C0F0A5
:10655000E4800A2800F0E780C0F0E3800C2800F017
:10656000E680C0F0E2800E2800F0E580C0F0E18017
:10657000102800F0E480C0F0E080122800F0E380F2
:10658000C0F0DF80142800F0E280C0F0DE80162822
:1065900000F0E180C0F0DD80182800F0E080C0F05D
:1065A000DC801A2800F0DF80C0F0DB801C2800F0BF
:1065B000DE80C0F0DA801E2800F0DD80C0F0D980D7
:1065C000202800F0DC80C0F0D880222800F0DB809A
:1065D000C0F0D780242800F0DA80C0F0D6802628CA
:1065E00000F0D980C0F0D580282800F0D880C0F015
:1065F000D4802A2800F0D780C0F0D3802C2800F067
:10660000D680C0F0D2802E2800F0D580C0F0D18096
:10661000302800F0D480C0F0D080322800F0D38041
:10662000C0F0CF80342800F0D280C0F0CE80362871
:1066300000F0D180C0F0CD80382800F0D080C0F0CC
:10664000CC803A2800F0CF80C0F0CB803C2800F00E
:10665000CE80C0F0CA803E2800F0CD80C0F0C98056
:10666000402800F0CC80C0F0C880422800F0CB80E9
:10667000C0F0C780442800F0CA80C0F0C680462819
:1066800000F0C980C0F0C580482800F0C880C0F084
:10669000C4804A2800F0C780C0F0C3804C2800F0B6
:1066A000C680C0F0C2804E2800F0C580C0F0C18016
:1066B000502800F0C480C0F0C080522800F0C38091
:1066C000C0F0BF80542800F0C280C0F0BE805628C1
:1066D00000F0C180C0F0BD80582800F0C080C0F03C
:1066E000BC805A2800F0BF80C0F0BB805C2800F05E
:1066F000BE80C0F0BA805D2800F0BB80BBE0002007
:10670000C0E00020BEE00120BCE00120BAE0022091
:10671000B8E00320B6E00320B4E00420B2E0042097
:10672000B0E00520AEE00520ACE00620AAE007209E
:10673000A8E00920A6E00A20A4E00B20A2E00B209C
:10674000A0E00C209EE00C209CE00D209AE00D20A3
:1067500098E00E2096E00F2094E0102092E01120A7
:1067600090E011208EE012208CE012208AE01320AD
:1067700088E0142086E0152084E0162082E01620B0
:1067800080E018207EE019207CE019207AE01A20B1
:1067900078E01B2076E01C2074E01C2072E01C20B6
:1067A00070E01D206EE01D206CE01D206AE01E20C0
:1067B00068E01E2066E01E2064E01F2062E01F20CB
:1067C00060E020205EE020205CE021205AE02220D2
:1067D00058E0242056E0242054E0252052E02520D3
:1067E00050E026204EE027204CE027204AE02820D9
:1067F00048E0282046E0292044E0292042E02A20E1
:1068000040E02C203EE02D203CE02E203AE02F20DE
:1068100038E02F2036E0302034E0302032E03120E4
:1068200030E031202EE032202CE033202AE03420EA
:1068300028E0342026E0352024E0352022E03620F0
:1068400020E037201EE038201CE039201AE03920F3
:1068500018E03A2016E03A2014E03B2012E03B20FA
:1068600010E03B200EE03C200CE03C200AE03D2004
:1068700008E03D2006E040F27B1299490020FCF739
:10688000B4F90020C0B202BD002007E09549C20162
:106890008A5822F00042C301CA50401C3F28F5DB51
:1068A000704770B504000E00002000202000C0B228
:1068B000FFF736FE8B4DC0B2C0012844006A80B29B
:1068C00006FB00F642F21070B6FBF0F62000C0B2F4
:1068D000FFF726FEC0012844B6B246612000C0B2D0
:1068E000FFF71EFE0100C9B2C9012944096C51F02D
:1068F0000101C0B2C0012844016470BD2DE9F0411E
:10690000AAB004000D001600342100221DAF38008B
:10691000FBF7F4FD0020742100226F463800FBF7DE
:10692000EDFD0E201E902000C0B2FFF740FC8DF858
:106930007C002000C0B2FFF786FA07005FF008086D
:106940002000C0B2FFF77FFA1DAA97FBF8F108FB01
:1069500011773900644BC0B2C010C0011844FCF775
:10696000D0FB2000C0B2FFF7DBFD00220121C0B246
:1069700010F5937000B2FFF70AFA2000C0B2FFF7DB
:10698000CFFDC0B210F5937000B2FFF7FCF90923F8
:1069900000220121C0B2FFF7B5F92000C0B2FFF715
:1069A000BFFDC0B210F5937000B2FFF7ECF9002202
:1069B0000121C0B2FFF720FA4C48B0FBF5F1090CF9
:1069C0004A482A04B0FBF2F302FB1300002800D06F
:1069D000491C022903D200208DF801002FE0032971
:1069E00003D201208DF8010029E0052903D20220FD
:1069F0008DF8010023E0092903D203208DF801005E
:106A00001DE0112903D204208DF8010017E021298F
:106A100003D205208DF8010011E0412903D20620A0
:106A20008DF801000BE0812903D207208DF80100C9
:106A300005E040F2C9122A490020FCF7D6F80420EC
:106A40008DF8000001208DF8100000208DF8110055
:106A500003208DF8120003208DF8130000208DF81C
:106A60000800224901229DF901008240B1FBF2F0A9
:106A7000B0FBF5F0401E05900598401C06FB00F6A3
:106A800042F21070B6FBF0F0089002208DF8400042
:106A900003208DF8680001201B9001208DF828004C
:106AA0002000C0B2FFF73CFD0E4D6946C0B2C001E8
:106AB000284400F0C1F82000C0B2FFF731FDC0B299
:106AC000C001284400F0B8F92000C0B2FFF728FD4B
:106AD000C0B2C001284400F0B4F92AB0BDE8F0818A
:106AE000B8D50810000058400000314000127A006C
:106AF00030B40021234A1368234A1468002832D096
:106B0000224A1568C5F303250E2D0FD01268C2F373
:106B100003220D2A28D1827812F00F0224092401C1
:106B200014430279002A15D0012214E0827812F071
:106B30000F021B091B0113430279002A01D0012215
:106B400000E0002262F3DF73114AB0F9000042F85E
:106B5000203009E0002262F3DF740E4AB0F9000031
:106B600042F8204000E00649080030BC70470A4B5C
:106B70001A68002A03D01A6800B242F82010704741
:106B80000100560064DC081068DC0810000020409A
:106B900000A0204000C0204090080228154A12683A
:106BA00061F30F0282607047C160704701617047F6
:106BB0000068C00F002801D10F4800E00020704796
:106BC000F8B504000D0016001F002000FFF7F0FFCD
:106BD00000280DD131002000FFF7E6FF390020002A
:106BE000FFF7E4FF29002000FFF7D8FF002000E0B6
:106BF0000148F2BD20DC081001008A00FEE7000019
:106C000000B500BF130096469446103928BFA0E88F
:106C10000C50FAD85FEA417C28BF0CC048BF40F84E
:106C2000042BC90728BF20F8022B48BF00F8012B0E
:106C300000BD012000F00CB90122002800F0EC801A
:106C4000002900F0E980754A12680B7A63F39242DA
:106C50000B7B13F0030363F311420B7813F007036C
:106C600063F31A628B7863F39E7291F8283063F3B2
:106C7000000291F8343063F341020B7F63F3820228
:106C80004B7F63F3C30291F8403063F38A2291F89B
:106C90004030DBB25B08DBB263F3492291F870301D
:106CA00063F3082291F8713013F0030363F30D329C
:106CB00002600A7A002A02D10022826007E00A7A82
:106CC000012A02D14A69826001E0012282600A6AD7
:106CD00002614A6A4261CA6A82610A6BC2614A6998
:106CE00002628A6942624E4A126891F8443003F0A7
:106CF000FF03120A12021A4391F84C3003F0FF030B
:106D000063F3174291F85C3003F0FF0363F31F62F3
:106D100091F86C3003F0FF0363F30F224264414AA1
:106D2000126891F8643003F0FF0363F30F2291F8C7
:106D3000543003F0FF03120A12021A4382643A4AE3
:106D4000126891F8413013F00303920892001A433D
:106D500091F8603013F0030363F38B2291F848300D
:106D600013F0030363F3051291F8503013F003039B
:106D700063F3092291F8583013F0030363F3871289
:106D800091F8683013F0030363F38302C264274A67
:106D9000126891F8723013F00703D208D2001A4338
:106DA00091F8733013F0070363F30612426591F80C
:106DB000352082671E4A12680B7C13F00303920889
:106DC00092001A43CB7C13F0030363F387124B7CCE
:106DD00013F0030363F383028B7C13F0030363F369
:106DE00005120265134A1268CB8863F31F428B8831
:106DF0009BB21B0A9BB263F30F220B78052B06D1C3
:106E0000097901F0FF01120A12020A4302E04978EF
:106E100061F30702026300221000704780DC081053
:106E200084DC081088DC08108CDC081090DC08106A
:106E300094DC081098DC0810016851F000410160F2
:106E400070474030016851F0100101607047000048
:106E500080B5AFF30080024A11001820ABBEFBE7FB
:106E600026000200F8B505000C00002000260A21CB
:106E70002000FEF729FC00220021002802D0001B80
:106E8000401C0200002000E0401C03001700DBB2A1
:106E9000FFB2BB420DD20300DBB2E35C2C2B00D16E
:106EA000761C33002F00DBB2FFB2BB42ECD1401C9A
:106EB00001000800C0B2F2BD3EB504000020002071
:106EC00021000120FFF7CEFF451E2A00D2B221008B
:106ED0006846FEF7EBF800206946EDB24855684673
:106EE00000F0F6FC3EBD000038B584B00400002080
:106EF0009FEDC90A21000120FFF7B4FF451E2A00BB
:106F0000D2B221006846FEF7D1F800206946EDB202
:106F10004855684600F008FDB7EEC00B05B030BD1F
:106F200038B584B0040000209FEDB90B210001208A
:106F3000FFF798FF451E2A00D2B221006846FEF7EF
:106F4000B5F800206946EDB24855684600F0ECFC03
:106F500005B030BD10B4002101790831017101790B
:106F6000182940DB017918390171C178491CC170B9
:106F70008178022917D11C22017811F0030F07D163
:106F80000188642391FBF3F403FB1411002908D159
:106F900001884FF4C87391FBF3F403FB141100292B
:106FA0000FD1521C0DE01F228178042908D081786E
:106FB000062905D08178092902D081780B2900D1D2
:106FC0001E22C178D2B28A420DD20121C1708178CD
:106FD000491C817081780D2905DB81780C3981701D
:106FE0000188491C018010BC70470000F8B52DEDE8
:106FF000028B06000C00002000209FED850B9FED0A
:10700000840B9FED830B9FED820B9FED810B9FED1A
:10701000800B9FED810A002531000220FFF722FF3F
:10702000C0B2305C0100C9B2412903D0C0B24428CB
:1070300040F0A28001250120207231000420FFF7DA
:1070400011FFC0B2305684F8280031000620FFF747
:1070500009FFC0B2305684F8290031000320FFF741
:1070600001FFC0B23044FFF75BFFB0EE408B310050
:107070000520FFF7F7FEC0B23044FFF751FFBDEE29
:10708000C81B11EE100A642190FBF1F060816420AE
:107090006189414301EE101AB8EEC11B38EE411B65
:1070A000BDEEC12B12EE101AA1819FEDBA2BA18962
:1070B00003EE101AB8EE433B31EE433B23EE023BA6
:1070C000BDEEC33B13EE101AE181BDEEC03B13EEE3
:1070D000101A642291FBF2F12182218A00FB01F057
:1070E00003EE100AB8EEC33B30EE430BBDEEC03BDF
:1070F00013EE100A6082608A03EE100AB8EE433B7A
:1071000030EE433B23EE022BBDEEC22B12EE100AF3
:10711000A082608902EE100AB8EE422B9FEDD14B9F
:1071200081EE041B32EE011B84ED061B208A01EE6A
:10713000100AB8EE411B9FEDCB3B80EE030B31EE06
:10714000000B84ED080B31000720FFF78BFEC0B267
:107150003044FFF7C9FEDFEDC50A20EE200A84EDBA
:107160000B0A31000820FFF77DFEC0B23044FFF764
:10717000BBFE84ED0C0A01E0002020720A27F179A1
:10718000307A07FB0101B1F110002071717AB07AF9
:1071900007FB0101B1F110006071F17A307B07FB50
:1071A0000101B1F11000A07131000920FFF75AFE72
:1071B0000100C9B2725C0100C9B23144497807FBD1
:1071C0000212B2F11001E1700100C9B231448A78B3
:1071D0000100C9B23144C97807FB0212B2F11001B3
:1071E000A1700100C9B23144097911FB07F1C0B2A5
:1071F0003044407951FA80F010F5B86020802000CA
:10720000FFF7A8FE2800C0B2BDEC028BF2BD000063
:1072100000000000000000000000000070B52DED2F
:10722000028B05000C000020002629000220FFF739
:1072300019FEC0B2285CC0B22C2820D0290007203B
:10724000FFF710FEC0B22844FFF736FE84F83C007A
:1072500029000920FFF706FEC0B22844FFF744FECC
:10726000B0EE408A29000B20FFF7FCFDC0B2284495
:10727000FFF73AFE30EE080A84ED100A01263000CE
:10728000C0B2BDEC028B70BD70B505000C000020D3
:10729000002629000220FFF7E5FDC0B2285CC0B23D
:1072A00041280ED1012084F8340029000120FFF785
:1072B000D9FDC0B22844FFF717FE84ED0E0A01265F
:1072C00002E0002084F834003000C0B270BD00003D
:1072D00080B52DED0A8B9FEDAE8B9FEDAF4B9FEDF3
:1072E000AE4B9FEDAD4B9FEDAC4B9FEDAB4B9FED90
:1072F000AA4B9FEDA94B9FEDAA4B20EE040B9FEDEF
:10730000AA6B80EE069B22EE040B9FEDA75B80EE3E
:1073100005AB21EE040B9FEDA42B80EE020B23EEB8
:10732000041B9FEDA13B81EE031B39EE4A2B30EE8F
:1073300041BBB0EE001B82EE010B00F01FFDB0EE72
:1073400040CBB0EE490B00F017FDB0EE409BB0EE25
:107350004A0B00F011FDB0EE40ABB0EE001B8BEE1F
:10736000010B00F00BFDB0EE401B2CEE0C0B29EED8
:107370000A2B21EE011B02EE010B00F001FD00F0D3
:107380000FFDB0EE002B20EE020B20EE080BBDEC43
:107390000A8B01BD000000000070B74080B52DEDE4
:1073A0000E8B9FED7F4B20EE040B9FED7F6B80EEED
:1073B00006CB22EE040B9FED7C5B80EE058B21EE6D
:1073C000040B9FED792B80EE02AB23EE040B9FEDB7
:1073D000762B80EE02BB3BEE4A0B00F0CFFCB0EE0A
:1073E000409BB0EE480B00F0C7FC20EE099BB0EECE
:1073F0004C0B00F0C1FCB0EE40DBB0EE480B00F0EF
:10740000BDFCB0EE40EBB0EE4C0B00F0B7FCB0EEC4
:1074100040CBB0EE480B00F0AFFC2DEE0E8B2CEE07
:1074200000CB3BEE4A0B00F0A7FC0CEE408BB0EE1D
:10743000481BB0EE490B00F0F7FC9FED5B2B20EEF4
:10744000020B9FED572B80EE020BB5EE400BF1EED9
:1074500010FA03DC9FED8F2B30EE020BBDEC0E8B90
:1074600001BD00000000000000004E40CDCCEC3F0C
:107470007CB500246846DFF8F813D1E90023C0E9A1
:107480000023002000200020DFF8E853287801289E
:1074900024D102202870DFF8E0632A213000FEF7B3
:1074A00013F90222411C0DF10200FDF7FFFD6846B1
:1074B00000F096FA7278022302E0F15C4A405B1C0D
:1074C000F15C2A29F9D1D2B2C0B2824201D00124A2
:1074D0005AE0DFF8A8133000FFF788FD002028707D
:1074E000DFF89C532878012823D102202870DFF888
:1074F00094632A213000FEF7E7F80222411C0DF1C7
:107500000200FDF7D3FD684600F06AFA72780223A4
:1075100002E0F15C4A405B1CF15C2A29F9D1D2B24D
:10752000C0B2824201D001242EE0D4493000FFF7DE
:1075300075FE00202870D44D2878012822D1022021
:107540002870D24E2A213000FEF7BEF80222411CDC
:107550000DF10200FDF7AAFD684600F041FA7278CD
:10756000022302E0F15C4A405B1CF15C2A29F9D15C
:10757000D2B2C0B2824201D0012405E0BF4930003E
:10758000FFF782FE002028702000C0B276BD000008
:1075900000000040A6545841000000000000000018
:1075A000282D4454FB210940000000000080664063
:1075B0001FB500200190B6480078002868D004E08C
:1075C00001226946B348FDF7CAF969460220FCF773
:1075D00033FF0028F4D19DF800000A2858D1062076
:1075E0000190AC4C012301AA02A92000FDF787FA03
:1075F00003229CA10DF10B0000F055FC002810D1D6
:107600009C48017802293DD0012101702000FDF73E
:1076100095F90190002301AA97492000FDF76FFA20
:1076200030E0032290A10DF10B0000F03CFC00289B
:1076300010D193480178022924D001210170200043
:10764000FDF77CF90190002301AA8E492000FDF787
:1076500056FA17E0032285A10DF10B0000F023FC80
:1076600000280FD18848017802290BD00121017030
:107670002000FDF763F90190002301AA834920004F
:10768000FDF73DFA2000FDF71FF90120824908703F
:107690001FBD0000000000000080764038B5A8B093
:1076A000040021A87D491C22FAF770FF1EA87C491E
:1076B00091E82C0080E82C001BA87A4991E82C0066
:1076C00080E82C0018A8784991E82C0080E82C006C
:1076D00015A8764991E82C0080E82C0012A874497E
:1076E00091E82C0080E82C000FA8724991E82C004A
:1076F00080E82C000CA8704991E82C0080E82C0050
:1077000009A86E4991E82C0080E82C0006A86C4975
:1077100091E82C0080E82C0003A86A4991E82C002D
:1077200080E82C006846684991E82C0080E82C002D
:107730002000C0B2012803D02000C0B2012878D1B7
:107740008023624A00215348FDF7A9FA4FF4FA70EA
:1077500000F070FC022302225FF4E1310220FCF70A
:1077600091FF1C2221A90220FCF749FEC82000F04D
:1077700061FC0B221BA90220FCF741FE322000F025
:1077800059FC0B221EA90220FCF739FE322000F022
:1077900051FC0B2218A90220FCF731FE322000F028
:1077A00049FC0B2215A90220FCF729FE322000F02B
:1077B00041FC0B2212A90220FCF721FE322000F02E
:1077C00039FC0B220FA90220FCF719FE322000F031
:1077D00031FC0B220CA90220FCF711FE322000F034
:1077E00029FC0B2209A90220FCF709FE322000F037
:1077F00021FC0B2206A90220FCF701FE322000F03A
:1078000019FC0B2203A90220FCF7F9FD322000F03D
:1078100011FC0B2269460220FCF7F1FD322000F03A
:1078200009FC01201A49087001210220FCF7ABFE77
:1078300016E0E4B2022C13D18023244A002115481B
:10784000FDF72DFA022302225FF4E1310220FCF75A
:1078500019FF01200E49087001210220FCF793FE58
:1078600029B030BD524D43004747410054485300B2
:10787000D8DB0810B0430228543D0228E03E02281D
:10788000AF430228D43C0228B1430228D43D022849
:10789000AE430228A0420228AD43022800D90810B6
:1078A00030DA08103CDA081048DA081054DA081008
:1078B00060DA08106CDA081078DA081084DA081038
:1078C00090DA08109CDA0810A8DA0810543C022854
:1078D00010B50400002C01D0012000E0002073222C
:1078E000DFF8A011C0B2FBF780F900220020002CC5
:1078F00018D021782D2902D10122641C0AE02178B8
:107900002B2907D1641C05E00A23217803FB001012
:107910003038641C217830390A29F5D3D2B2002AD4
:1079200000D0404210BD000010B50400002C01D072
:10793000012000E000204FF4D272DFF84811C0B2FD
:10794000FBF753F900219FED4B0B9FED4A1BB7EE60
:10795000002B002C43D020782D2802D10121641C5B
:1079600011E020782B280ED1641C0CE0B2EE044B01
:10797000B0EE403B2078303800EE100AB8EEC00B75
:1079800003EE040B641C207830380A28EED32078EC
:107990002E281DD1601C0EE0B2EE043BB0EE414B30
:1079A0000278303A01EE102AB8EEC11B04EE031B38
:1079B00022EE032B401C0278303A0A2A06D29FEDB1
:1079C0002F4BB4EE442BF1EE10FAE5D481EE021BFE
:1079D00030EE010BC9B2002901D0B1EE400B10BD51
:1079E00038B50400002C01D0012000E0002040F256
:1079F0003722DFF89010C0B2FBF7F7F82000FCF751
:107A00002DFF0200002100200023002C0AD01800C6
:107A1000C0B200281DD020786138062803D2207813
:107A200057380DE022E020784138062802D220782D
:107A3000373805E0207830380A2809D220783038E5
:107A40000D000100C9B211F00F0151EA051108E063
:107A50000CE02078302804D16078782801D1641CAB
:107A60000123641C1000421E0028CED1080032BD44
:107A70000000000000000000000000000000000006
:107A800065CDCD4150D408109FED8F2B20EE021B09
:107A900053EC112B1946F0B421F0004457EC116B54
:107AA000274647EC126B9FED8A4BB4EE442BF1EE68
:107AB00010FA2DED068B2BD5B6EE002B53EC122BC6
:107AC00001F00041194355EC124B0D4645EC124BA9
:107AD00032EE011BBDEEC11B11EE101A002900F0A1
:107AE0009D80BAEEC21B9FED7C3B01EE030B9FED28
:107AF0007C5B01EE050B9FED7C7B01EE070B9FEDA0
:107B00007C9B01EE090B9FED7C3B01EE030B85E0B6
:107B100055EC104B6B0043EAD4735A15DB1712F186
:107B2000010F14D14FF0FF30834208BF824208D1C9
:107B30002D0345EA14552403002D08BF002C40F006
:107B4000BF80BDEC068B9FED6E0BF0BC704724F040
:107B5000000235F0004308BF002A08D1002800F0D9
:107B6000AF80BDEC068BB7EE000BF0BC7047B6EEF5
:107B7000002B53EC122B01F00041194355EC124B32
:107B80000D4645EC124B32EE011B53EC112B5D0000
:107B900045EAD2755400002D08BF002C19D040F2E0
:107BA0003341A1EB5551352904DB02F0000203F00B
:107BB00000430CE0202903DD2039CB408B4000E05E
:107BC00001D1002203E00029C4BFCA408A4043EC2F
:107BD000112B53EC112B22F0000433F0004508BFA9
:107BE000002C17D09FED483B21EE032B9FED3A5B15
:107BF00002EE050B9FED3A7B02EE070B9FED3A9BE1
:107C000002EE090B9FED3AAB02EE0A0B9FED3A5BD9
:107C100002EE050BBDEEC11B11EE101A53EC102B3A
:107C200023F0004301F0030143EC112B9FED383B9F
:107C30000818B4EE431BF1EE10FA04D5C1073BD58A
:107C4000B7EE000B38E0C10720EE001B1AD59FED00
:107C5000322B9FED334B01EE024B9FED336B04EE65
:107C6000016B9FED338B06EE018B9FED332B08EEFE
:107C7000012B9FED334B02EE014BB7EE000B04EEF0
:107C8000010B19E09FED307B9FED314B01EE074B6F
:107C90009FED318B04EE018B9FED31AB08EE01AB14
:107CA0009FED317B0AEE017B9FED314B20EE012BE6
:107CB00007EE014B02EE040B800748BFB1EE400B0C
:107CC000BDEC068BF0BC704783C8C96D305FE43FE4
:107CD0000000A0FFFFFFDF4100000050FB21B9C101
:107CE00000000060B41011C00000002026A651BEA4
:107CF000000000005C14D3BC000000209A833BBB52
:107D0000FFFFFFFFFFFFFF7F000000000000303E8D
:107D1000000000000000403E09260A1039BA213E4A
:107D20003BA861C6F97D92BE63AC30909F01FA3EDC
:107D3000F6FB51166CC156BFB10255555555A53FBE
:107D4000AEFFFFFFFFFFDFBFB08F2FC310D8E53DB1
:107D50008F0C73A1E1E55ABE4DADE44FE31DC73E64
:107D60003EE3B519A0012ABFFAF010111111813FAD
:107D7000425555555555C5BF012085E6002083E67F
:107D8000B5EEC00BF1EE10FA02D4B1EEC00B7047A5
:107D90006FF0004C20EE10CBAFF300807047000076
:107DA00051EC102B9FED1C2B9FED1D3BB0EEC00B3B
:107DB000C80F31F0004129D0B4EE402BB1F17F5C07
:107DC00028BFBCF5401C08BF124214D8F1EE10FACF
:107DD00033EE401B33EE002B22EE011BB1EEC11B34
:107DE00005D580F0040081EE000B00F0EDB980EEC7
:107DF000010B00F0E9B9490011F5001F9CBF6FF0BD
:107E0000004120EE101BAFF3008070471242D3D127
:107E1000C00720EE100B7047CE3B7F669EA0E63F6A
:107E2000000000000000F03F52EC113B51EC10CB81
:107E3000B0EEC00BB0EEC11BC80F4900520028BF06
:107E40000C3011F5001F34BF12F5001F10E0634520
:107E500072EB010C38BF80F0040013431AD003D238
:107E600081EE000B00F0B0B980EE010B00F0ACB970
:107E700011F5001F08BF80F0040094BF12F5001F29
:107E80000CE08A424FF0000312BF00224FF07C52F8
:107E900042F4700242EC103B00F096B96FF00041E2
:107EA00020EE101B70478AB10B7890F800C09C45FB
:107EB00006D110F8013B4BB1491C521EF4D105E02C
:107EC00002D24FF0FF30704701207047002070470A
:107ED000022801D301200FE00B00DBB2042B01DBF1
:107EE000012009E0954B03EB8000C9B2405C82425F
:107EF00001D3012000E000207047F8B506000F0014
:107F000015001C00022E01D301201CE02A003900BC
:107F1000C9B23000FFF7DCFF012801D1012012E0D7
:107F20003800C0B2002811D1B4F5807F0CD284484B
:107F30007603304400EB850010F58050016864F34F
:107F40000F2101600020F2BD0120FCE7FFB2012FEC
:107F500010D1B4F5803F0BD279487603304400EB62
:107F6000850010F5A050016864F317210160E9E76E
:107F70000120E8E70120E6E700B20012C0B2704736
:107F8000F8B505000E001700280000B2FFF7F4FF57
:107F900004002000C0B2022801D3012023E03A00EF
:107FA0003100C9B22000C0B2FFF792FF012801D111
:107FB000012018E062492000C0B2400308442A00B2
:107FC000D2B200EB8200D0F8000CF6B266F30920C2
:107FD00067F30700E4B264032144EDB201EB8501CD
:107FE000C1F8000C0020F2BD70B504000D001600B1
:107FF000022C01D301201CE032002900C9B220006C
:10800000FFF766FF012801D1012012E04C4960030F
:10801000085850F0004050F0407050F47F00EDB22E
:1080200065F3092066F3070062038850640308596A
:10803000002070BDF8B504004FF4FA504443414DA0
:10804000414E00212878C001304400F00EFA14E0BF
:108050002878C001304400F00AFAB842F8D33B4F08
:108060003C192878C001304400F001FA3F1839006B
:108070002878C001304400F0F8F94CF25137BC4286
:10808000E6D22878C001304400F0F1F98442F8D2F9
:10809000F1BD38B594B0502100226C462000FAF7AB
:1080A0002DFA2B4C00220121B4F90000FFF768FFE4
:1080B000B4F90000FFF760FF092300220121C0B2DC
:1080C000FFF71BFFB4F90000FFF756FF0022012164
:1080D000C0B2FFF789FF5FF0FF30009000208DF8FD
:1080E000040000208DF8050000208DF80600002017
:1080F0008DF8080003208DF8440001201290012023
:108100008DF807000F4C104D69462078C0012844B7
:1081100000F0E6F82078C001284400F0A1F9002121
:108120002078C001284400F0A0F92078C00128443C
:10813000FEF787FE15B030BD00000000D0DA081051
:10814000000004409C09022800005940B03CFFFF99
:1081500098090228443A5C4941525C5365656B4674
:108160007265655C435954344242375F4C696272B0
:108170006172792D6D61737465722D56322E305C8B
:108180005365656B667265655F4359543442425F5F
:108190004F70656E736F757263655F4C6962726173
:1081A00072795C6C69627261726965735C7A665F30
:1081B000636F6D6D6F6E5C7A665F636F6D6D6F6E12
:1081C0005F6669666F2E630021A1B1EC061BB4EEF9
:1081D000410BF1EE10FA09DBB1EE424B33EE001B1E
:1081E00000EE034B84EE010B40F0020030EE10CBAA
:1081F000B1EC063B2CF0004CBCF1795F15D320EEBE
:10820000001B03EE014B20EE013B04EE015B05EE8B
:10821000030BB1EC083B03EE014B04EE015B05EEF2
:10822000016B06EE012B80EE020B38BF20314008B7
:1082300010F0020F18BFB1EE400B01EBC00191ED41
:10824000001B30EE010B28BFB1EE400B7047000061
:1082500057CD9E5E1426D13F000000000000F03F85
:10826000AA4C58E87AB6FB3F845D57134B57B03F92
:10827000B2934C19ED5EE43FBEDE02B90240F83F16
:10828000DE39028FC7C0743F8AAB1283000CC83F2F
:1082900024D7E508B6D8F03F0F34580E5895FD3F67
:1082A000000000000000000066732D3852C1E03F5E
:1082B000182D4454FB21F93F66732D3852C1F03F0D
:1082C000182D4454FB21F93F66732D3852C10040EC
:1082D000182D4454FB2109403FD038C6A6F1044074
:1082E00010B4012291F84C30052B03D291F84D3097
:1082F000052B01D31000A7E0002800F0A48000297E
:1083000000F0A180514A12684B7963F392428B7955
:1083100013F0030363F311420B7A13F0070363F3C3
:108320001A62CB7963F39E720B7D63F3000291F8BE
:10833000243063F3410202600A7910F130031C68B3
:1083400062F307041C604A79012A0BD18A79002A5A
:1083500002D10022826007E08A79012A04D10A68EA
:10836000826001E001228260CA6802610A6942619A
:10837000CA6982610A6AC2610A680262344A126882
:108380000B7E03F0FF03120A12021A4391F83030F9
:1083900003F0FF0363F3174291F8403003F0FF034B
:1083A00063F31F6291F8483003F0FF0363F30F2279
:1083B0004264284A126891F8383003F0FF03120A29
:1083C00012021A4391F8283003F0FF0363F30F22DF
:1083D0008264214A12688B7D13F003039208920095
:1083E0001A4391F8253013F0030363F38B2291F8BD
:1083F0002C3013F0030363F3051291F8343013F0BB
:10840000030363F3092291F83C3013F0030363F391
:10841000871291F8443013F0030363F38302C264BC
:108420000E4A126891F84C3013F00703D208D200BC
:108430001A4391F84D3013F0070363F306124265B7
:10844000497D81670022100010BC70476CDC081069
:1084500070DC081074DC081078DC08107CDC081074
:10846000016851F000410160704781607047806889
:1084700070477830016851F001010160704710F1D8
:1084800070010A6852F001020A60006F7047000034
:10849000D0F80803C005C00D704710F541710A6897
:1084A00052F480320A6010F541710A6832F4803269
:1084B0000A60D0F804037047C0F840127047D0F843
:1084C0000802C005C00D7047D0F80802C0F3C030E4
:1084D000704738B505002800FFF7F1FF04002800B9
:1084E000FFF7F2FF0419002C01D1012000E0002069
:1084F000C0B232BD0068C0F38130002801D18020B5
:1085000000E040207047016851F000410160704771
:108510002030026861F39B620260704780B5FFF70C
:10852000B7FF02BD80B5FFF7B8FF01BD022801D338
:10853000012010E00B00DBB2042B01DB01200AE07C
:10854000DFF8203503EB8000C9B2405C824201D3E2
:10855000012000E000207047F8B504000F0015006E
:108560001E00022C01D301202AE02A003900C9B2E2
:108570002000FFF7DBFF012801D1012020E0069851
:108580003900C9B202291ED1B6F5803F19D2202880
:1085900017D24FF4C052DFF8D01463030B4403EB3F
:1085A000850313441F6866F317271F606403214483
:1085B00001EB850111440A6860F3C7020A600020DC
:1085C000F2BD0120FCE7FFB2032F1FD1B6F1807F7F
:1085D0001AD2202818D24FF4E052DFF88C1463032B
:1085E0000B4403EB850313441F6807F0FF0757EAAA
:1085F00006271F606403214401EB850111440A68CA
:1086000060F3C7020A60DAE70120D9E70120D7E763
:1086100000B20012C0B27047F8B505000E00170096
:10862000280000B2FFF7F4FF04002000C0B20228C7
:1086300001D3012024E03A003100C9B22000C0B2C9
:10864000FFF774FF012801D1012019E0DFF81814A9
:108650002000C0B2400308442A00D2B200EB8200DE
:10866000D0F8000CF6B266F3092067F30700E4B215
:1086700064032144EDB201EB8501C1F8000C002038
:10868000F2BD70B504000D001600022C01D30120CC
:108690001DE032002900C9B22000FFF747FF012882
:1086A00001D1012013E0DFF8C0136003085850F037
:1086B000004050F0407050F47F00EDB265F30920A7
:1086C00066F307006203885064030859002070BDF8
:1086D0000100C020C9B2002905D0022907D004D367
:1086E000032906D006E0122004E0622002E07A208E
:1086F00000E01A20C0B270470100C020C9B20029B2
:1087000005D0022907D004D3032906D006E01120A2
:1087100004E0612002E0792000E01920C0B2704737
:108720000100C020C9B2002905D0022907D004D316
:10873000032906D006E0102004E0602002E0782043
:1087400000E01820C0B270470100C020C9B2002963
:108750000BD002290DD00AD304290ED00BD3062941
:108760000FD00CD307290ED00EE013200CE01420FC
:108770000AE0632008E0642006E07B2004E0292072
:1087800002E01B2000E01C20C0B270470100002066
:10879000C9B2002905D0022907D004D3032906D085
:1087A00006E0132004E0132002E0132000E0132071
:1087B000C0B2704701000020C9B2002905D00229CB
:1087C00007D004D3032906D006E0132004E01320C9
:1087D00002E0132000E01320C0B270470100002027
:1087E000C9B2002905D0022907D004D3032906D035
:1087F00006E0132004E0132002E0132000E0132021
:10880000C0B2704701000020C9B200290BD0022974
:108810000DD00AD304290ED00BD306290FD00CD3C8
:1088200007290ED00EE013200CE013200AE01320DD
:1088300008E0132006E0132004E0132002E01320D8
:1088400000E01320C0B27047C9B2082902D0102935
:1088500046D096E0DFF8C8130200D2B251F82220C9
:10886000126832F440420300DBB251F823301A6040
:108870000200D2B251F82220D2F80022520952014D
:108880000300DBB251F82330C3F800220200D2B259
:1088900051F82220D2F8002252F007020300DBB286
:1088A00051F82330C3F800220200D2B251F822203E
:1088B000D2F80023520952010300DBB251F82330F1
:1088C000C3F800230200D2B251F82220D2F80023CC
:1088D00052F00702C0B251F82000C0F8002350E067
:1088E000DFF83C130200D2B251F82220126832F4B1
:1088F00040420300DBB251F823301A600200D2B2CA
:1089000051F82220126852F480420300DBB251F881
:1089100023301A600200D2B251F82220D2F800228D
:10892000520952010300DBB251F82330C3F8002290
:108930000200D2B251F82220D2F8002252F00F02E7
:108940000300DBB251F82330C3F800220200D2B298
:1089500051F82220D2F80023520952010300DBB261
:1089600051F82330C3F800230200D2B251F822207C
:10897000D2F8002352F00F02C0B251F82000C0F824
:10898000002370472DE9F04104000F001600082174
:108990002000C0B2FFF758FFDFF888522000C0B2B5
:1089A000285C08280FD02000C0B2285CC010DFF877
:1089B000781211EBC01101202200D2B2AA5C12F091
:1089C000070290400860DFF85882FFB239002000AB
:1089D000C0B258F82000FFF76FFD2000C0B258F871
:1089E0002000FFF787FD07002000C0B258F82000E4
:1089F000FFF765FD8742F0D0F6B231002000C0B22B
:108A000058F82000FFF758FD2000C0B258F82000A9
:108A1000FFF770FD06002000C0B258F82000FFF7F5
:108A20004EFD8642F0D02000C0B258F82000FFF77B
:108A300050FD0028F7D02000C0B2285C08280ED0D6
:108A40002000C0B2285CC010DFF8E01111EBC011AB
:108A50000120E4B22A5D12F0070290400860BDE8F0
:108A6000F0810000D0DA081000000440F8B50400DE
:108A70000D00002008212000C0B2FFF7E5FE694E7E
:108A80002000C0B2305C08280ED02000C0B2305C9C
:108A9000C010654911EBC01101202200D2B2B25CB6
:108AA00012F00702904008605D4FEDB229002000EF
:108AB000C0B257F82000FFF7FFFC2000C0B257F803
:108AC0002000FFF72BFD0028F7D02000C0B257F898
:108AD0002000FFF727FD00212000C0B257F820003A
:108AE000FFF7EAFC2000C0B257F82000FFF7F1FCC6
:108AF0000028F7D02000C0B257F82000FFF70EFD85
:108B00000028F7D02000C0B257F82000D0F840036A
:108B10002100C9B2715C08290ED02100C9B2715C74
:108B2000C910DFF8082112EBC1120121E4B2335D54
:108B300013F0070399401160C0B2F2BD2DE9F8436C
:108B400080460D0016001C0008214046C0B2FFF709
:108B50007BFE344F4046C0B2385C08280ED04046F9
:108B6000C0B2385CC010304911EBC0110120424640
:108B7000D2B2BA5C12F0070290400860DFF8A09011
:108B8000EDB229004046C0B259F82000FFF794FC2E
:108B90004046C0B259F82000FFF7C0FC0028F7D0CB
:108BA0004046C0B259F82000FFF7BCFC0021404607
:108BB000C0B259F82000FFF77FFC4046C0B259F818
:108BC0002000FFF786FC0028F7D04046C0B259F8D5
:108BD0002000FFF7A3FC0028F7D04046C0B259F8A8
:108BE0002000D0F840033070761C641E002CDDD1CC
:108BF0004046C0B2385C08280FD04046C0B2385C4E
:108C0000C0100A4911EBC01101205FFA88F817F86B
:108C1000082012F0070290400860BDE8F1830000D0
:108C200060090228884302280400314008003140CE
:108C30002DE9F04F9DB004000D001E0092000023AE
:108C4000A1480021F9F70AFD0700342100220DF1A7
:108C500004084046F9F752FC3C2100220DF1380887
:108C60004046F9F74BFC20003100C0B2C9B288423F
:108C700001D1012000E00020DDF89890DFF84CA23F
:108C80004FF464725146C0B2F9F7AFFF3000494665
:108C9000C0B2C9B2884201D1012000E00020DDF855
:108CA0009C8040F291325146C0B2F9F79EFF0620F7
:108CB00002904846C0B2FFF77DFD8DF80C00484693
:108CC000C0B2FFF719FD82465FF0080B4846C0B2FC
:108CD000FFF712FDDFF8F89101AA9AFBFBF10BFBFD
:108CE00011AA5146C0B2C010C0014844FAF709FAAF
:108CF000062002903000C0B2FFF748FD8DF80C004E
:108D00003000C0B2FFF7E4FC82465FF0080B300091
:108D1000C0B2FFF7DDFC01AA9AFBFBF10BFB11AA25
:108D20005146C0B2C010C0014844FAF7EAF94046C3
:108D3000C0B204281ED0082002904046C0B2FFF7FF
:108D40004DFD8DF80C004046C0B2FFF7E9FC06006F
:108D50005FF0080A4046C0B2FFF7E2FC01AA96FBAA
:108D6000FAF10AFB11663100C0B2C010C0014844DC
:108D7000FAF7C7F9289E3000C0B208281ED0062096
:108D800002903000C0B2FFF73DFD8DF80C003000BE
:108D9000C0B2FFF7D9FC80465FF0080A3000C0B2CD
:108DA000FFF7D2FC01AA98FBFAF10AFB11884146B1
:108DB000C0B2C010C0014844FAF7A3F92000C0B205
:108DC000032803D22000C0B2401C00E00020220093
:108DD000D2B2521D032110F58F7000B2FFF71CFCB8
:108DE0002000C0B2032803D22000C0B2401C00E023
:108DF000002010F58F7000B2FFF70AFC17F01F017A
:108E00000091C7F357132200D2B2521D0321C0B202
:108E1000FFF7A2FB2000C0B2032803D22000C0B29B
:108E2000401C00E0002010F58F7000B2FFF7F0FB4F
:108E30002200D2B2521D0321C0B2FFF722FCEDB2D4
:108E4000002D05D0022D09D005D3032D09D00AE04D
:108E50000020109007E00120109004E00220109004
:108E600001E00320109001200E9000200F900420BC
:108E70001190082012900820139001208DF85000C6
:108E800001208DF853000F4D00220EA92000C0B222
:108E900055F8200000F01EF800212000C0B255F85F
:108EA0002000FFF735FB2000C0B255F82000FFF787
:108EB0002AFB0348E4B206551DB0BDE8F08F000060
:108EC0008843022860090228008096982CD6081052
:108ED000000031402DE9F041DFF8D0311C00DFF80F
:108EE000D051D5F800C0DFF8CC512D68DFF8C8614B
:108EF0003668DFF8C8713F685FF0000E5FF0000E63
:108F0000002800F0D080002900F0CD804C68002CB3
:108F100001D18C6805E04C68022C01D1002400E0EE
:108F20000224D1F810E0D1F81480C64502D3D1F85C
:108F300010E001E0D1F814E0BEF1090F08D23CF4D2
:108F4000404C91F82130002B12D05CF4807C11E071
:108F5000BEF1110F03D2012363F38F3CF1E7BEF1A1
:108F6000210F03D2022363F38F3CEAE718009BE052
:108F70003CF4807CCB685B1E13F00F035FEA1C1C83
:108F80005FEA0C1C53EA0C0C012363F3196CC0F864
:108F900000C00B7F002B01D0002300E0012363F30E
:108FA00000054B681B0963F34105CB7E63F3041591
:108FB0004B7E63F345150B68012B01D1012300E0C3
:108FC000002363F3DF7523005B0863F3820564F31A
:108FD000C3054B7F63F308258B7F63F34925CB7F64
:108FE00063F38A2591F8203063F3CB250B7913F0D6
:108FF000030363F3196505620B7E63F308278B7E19
:1090000063F349270B695B1E13F01F037F097F0180
:109010001F43C0F8007391F8243003F0FF0310F5EC
:10902000417425682D0A2D022B4323600B7E63F3C8
:1090300008264B695B1E13F01F03760976011E4359
:10904000C0F8006291F82C3003F0FF0310F50174B2
:1090500025682D0A2D022B4323600B6BC0F8883F37
:109060008B6AC0F8C83F91F8383010F570642568F5
:1090700063F34925256091F8391010F574631C6875
:1090800061F3CB241C600021C0F8C81E002A09D05F
:1090900000201060002090610020D0600020D0618E
:1090A0000748106200242000BDE8F0810140AA00BA
:1090B00024DC081028DC08102CDC081030DC081038
:1090C000EFCDAB00DFF8C4110868C0F34000002802
:1090D00001D0022002E0086810F001007047DFF8BC
:1090E000B001006810F0010070470000C21E022AA3
:1090F00001D3012002E0C01E0860002070471CB5AB
:10910000FF246946FFF7F2FFC0B2002802D020001A
:10911000C0B207E0DFF8FC01009950F8210010F020
:109120000100C0B216BD0000002801D0032801D301
:10913000012002E0401E0860002070471CB5FF249B
:109140006946FFF7F1FFC0B2002802D02000C0B28C
:1091500008E0DFF8C401009909010844C06810F074
:109160000100C0B216BD0000DFF8BC010068800835
:1091700010F00100704738B504002000C0B2082884
:1091800011D3DFF898511822DFF894112800FBF76B
:109190008DFF0020E87540F65B00DFF8881108605D
:1091A0000020FBF7BBFFDFF8CC112000C0B251F864
:1091B0002000C0F30020002805D0E4B251F82400BC
:1091C00010F00F0000E0FF2032BD38B50400200091
:1091D000C0B2082811D3DFF844511822DFF840113B
:1091E0002800FBF763FF0020E8754FF40960DFF803
:1091F000341108600020FBF791FFDFF87801E4B23A
:1092000050F82400C0F30110C0B232BDDFF868216D
:109210001368C3F3072303601068C0F3C400086039
:109220007047DFF858211368C3F307230360106801
:10923000C0F3C4000860704738B50400072C11D390
:10924000DFF8D8501822DFF8C4112800FBF72EFFF2
:109250000020E8754FF4CE70DFF8C81008600020D9
:10926000FBF75CFFDFF8A00150F8240010F00700C6
:10927000010009B2042907D1DFF8880150F8240061
:1092800010F01F0050F4807000B232BD241526404B
:1092900040152640DFF8B01209688A03920B02607D
:1092A000090E11F00101C171DFF8A01209680A006E
:1092B000D204D20C82800A00120C02F0FF0202815A
:1092C000090C01F0FF014181DFF84411096811F038
:1092D0000F0202730A00C2F3031242730A00120A59
:1092E000D204D20CC281090F11F003010174DFF81E
:1092F000641309680A00120A12F0070282710A0058
:10930000120CD205D20D4282890F11F001010175B4
:10931000704700004016264000192640704202287F
:10932000B4D1081034430228100027401CB50C00AB
:109330006946FFF7DBFE0100C9B2002901D0C0B2C7
:1093400017E0DFF8B404009950F8210010F07F0115
:109350002160C0F304216160C0F30441A1600100F9
:10936000090F11F003016173C00E10F001002073AA
:10937000002016BD4012264008002040080420406E
:109380001CB50C006946FFF7CFFE0100C9B20029E9
:1093900001D0C0B235E0DFF8101500980001085880
:1093A00000F0FF022260C0F304226260C0F30442B6
:1093B000A260000F10F00300207300980001084421
:1093C00042681000C00F6073C2F30270002801D021
:1093D000012000E00020A07322F07F42226100986B
:1093E0000001084480680100C90F21750100090EC1
:1093F00011F001016175A075000C10F00700E07517
:10940000002016BD00012640001226403CD2081064
:109410003815264080B50100DFF868051822F9F7F5
:10942000B5F80120DFF860150870002002BDDFF8F4
:109430005C150968C90F002908D0DFF84C150978B8
:10944000002907D10021016003207047002101603D
:109450000320FAE7DFF82C15096801600020F4E723
:1094600010B50400FFF72EFE002803D10020206075
:1094700003200DE0DFF810050078002805D0DFF8A4
:10948000040580682060002002E0002020600320A6
:1094900010BD0000DFF8F0140978002905D0DFF8CE
:1094A000E41449680160002002E00021016003200B
:1094B0007047DFF8DC140968C90F002908D0DFF80D
:1094C000C8140978002907D10021016003207047E2
:1094D000002101600320FAE7DFF8A814C9680160E1
:1094E0000020F4E7DFF8AC140968C90F002908D0A0
:1094F000DFF894140978002907D1002101600320C6
:109500007047002101600320FAE7DFF87814096949
:1095100001600020F4E710B50400FFF725FE0028E5
:1095200003D10020206003200DE0DFF85C04007808
:10953000002805D0DFF84C0440692060002002E0DC
:1095400000202060032010BD301526403415264031
:1095500010B50C00C0B2FFF76FFE00280ED0012836
:1095600010D0022812D0B0F5887F13D040F211112C
:10957000884213D0B0F58A7F14D017E02000FFF79F
:1095800056FF16E02000FFF785FF12E02000FFF7EE
:1095900067FF0EE02000FFF78CFF0AE02000FFF7D6
:1095A000BAFF06E02000FFF79DFF02E000202060E8
:1095B000032010BD80B501000020FFF7C9FF02BDE8
:1095C00080B50322D2B2824203D20020086001207B
:1095D00003E0401CC0B2FFF7BBFF02BD18B587B067
:1095E00004006846FFF7E6FF0100C9B2002903D076
:1095F00000212160C0B22BE001A8FFF74BFE9DF8CF
:109600001400022803D100982060002020E0DFF839
:1096100088030068C00F002808D0FFF760FDC0B2C3
:10962000002807D100202060032011E0009820606E
:1096300000200DE0009901984143BDF80800B1FBFE
:10964000F0F09DF80B10491CB0FBF1F020600020F9
:1096500008B010BD3C152640F0B58BB005000C00DD
:1096600069462800C0B2FFF7ABFF0100C9B200296C
:1096700003D000212160C0B2BCE02800C0B20228A3
:109680004CD307A92800C0B2401CFFF74FFEC0B260
:10969000002811D0DFF804631822DFF8041330002B
:1096A000FBF704FD0020F07540F66310DFF8F412BC
:1096B00008600020FBF732FD4F482900C9B200EBDB
:1096C000810050F8080CC00F002807D09DF8290031
:1096D000022807D10098206000208BE000982060CD
:1096E000002087E0EDB26D1C2800FFF708FD0100A7
:1096F000C9B2002902D0C0B2FF2803D100202060E7
:10970000032077E00099079841430898B1FBF0F0F7
:109710000999B0FBF1F0206000206BE001A928005E
:10972000C0B2401CFFF72CFEC0B2002811D0DFF8F9
:109730006C621822DFF868123000FBF7B7FC0020DB
:10974000F07540F67F10DFF85C1208600020FBF730
:10975000E5FC55482900C9B209014058C00F00284E
:1097600007D09DF81000022807D100982060002043
:1097700040E00098206000203CE0EDB26D1C280025
:10978000FFF7DCFC0100C9B2002902D0C0B2FF28FB
:1097900003D10020206003202CE09DF81100012857
:1097A0001DD1009A0023019E00273F0647EA162795
:1097B00036060598002136184F41A6FB020106FB2C
:1097C000031107FB0211029A039BA3FB0223F8F784
:1097D00045FF000E40EA0120090E206009E00099D3
:1097E000019841430298B1FBF0F00399B0FBF1F00E
:1097F000206000200BB0F0BD0016264010B50323FA
:10980000421E0400E4B2002C03D10800FFF7E6FE7C
:109810000CE01400DBB2E4B2A34204D31000C0B2E7
:10982000FFF71AFF02E0C0B2FFF792FE10BD38B595
:1098300005000C002800C0B2FFF79DFC0100C9B272
:10984000FF2904D12000FFF7F2FDC0B21BE06946FA
:10985000C0B2FFF7D3FF0100C9B2002903D0002135
:109860002160C0B20FE02800C0B2FFF7AEFCC0B26A
:10987000002805D002280BD006D303280CD00FE017
:1098800000982060002032BD009840082060F9E771
:10989000009880082060F5E70098C0082060F1E794
:1098A000002020600320EEE7001926401FB50400C9
:1098B00002A90120FFF7BBFF0100C9B2002903D0B4
:1098C00000212160C0B21AE0694601A8FFF79EFCA2
:1098D00001980021421C71F1FF335B0143EAD2631E
:1098E00052010098002112184B41029800214901B1
:1098F00041EAD0614001F8F7B1FE2060002004B0D9
:1099000010BD1FB5040002A90120FFF790FF010060
:10991000C9B2002903D000212160C0B21AE0694613
:1099200001A8FFF77EFC01980021421C71F1FF3372
:109930005B0143EAD26352010098002112184B41A7
:1099400002980021490141EAD0614001F8F786FE02
:109950002060002004B010BD80B5DFF84C100A680C
:10996000C2F303220E2A07D00968C1F303210D298F
:1099700005D1FFF7C6FF02BDFFF798FFFBE7012007
:10998000F9E7000058420228A24302281815264091
:10999000081526400C152640301526407042022836
:1099A0003CD20810344302280000204038B5DFF8CC
:1099B0000016DFF8000600F033FBDFF8FC15DFF8D7
:1099C000FC0500F02DFBDFF8F815DFF8F80500F0D6
:1099D00027FBDFF8F445DFF8F4552900200000F0FC
:1099E0001FFBDFF8EC15DFF8EC0500F019FB290090
:1099F000200000F015FBDFF8E015DFF8E00500F0CF
:109A00000FFBDFF8DC15DFF8DC0500F009FB31BDEA
:109A100038B500F009FD00F029FD00F0B1FD9FED23
:109A2000970BDFF8C4459FED971BDFF8C00590ED5D
:109A3000002AB7EEC22A22EE012B94ED133AB7EEBC
:109A4000C33A03EE002BB7EEC22B80ED002ADFF8FD
:109A5000A01591ED002AB7EEC22A22EE012B94ED5B
:109A6000143AB7EEC33A03EE002BB7EEC22B81EDEA
:109A7000002ADFF8802592ED002AB7EEC22A22EEF6
:109A8000011B94ED152AB7EEC22A02EE001BB7EEB9
:109A9000C10B82ED000A9FED7D0B9FED7E1BDFF871
:109AA000583593ED002AB7EEC22A22EE012B94ED31
:109AB000063AB7EEC33A03EE002BB7EEC22B83EDA6
:109AC000002ADFF8383593ED002AB7EEC22A22EEDD
:109AD000012B94ED073AB7EEC33A03EE002BB7EE35
:109AE000C22B83ED002ADFF8183593ED002AB7EE7C
:109AF000C22A22EE011B94ED082AB7EEC22A02EE1A
:109B0000001BB7EEC10B83ED000AD4F88030C4F817
:109B1000943014F16405D2ED002A91ED002AD0EDC5
:109B2000001A94ED081AD4ED070A94ED060A2800ED
:109B300000F0DEFE14F1740314F1780214F17C01DC
:109B4000280000F065FE9FED550ADFF8B804D4ED5B
:109B50001F0A90ED3C1A70EEC10AF4EE400AF1EED5
:109B600010FA15D5D4ED1F0A90ED3C1A70EEC10A1B
:109B70009FED4B1AF4EE410AF1EE10FA08DBD4ED3A
:109B80001F0A90ED3C1A70EEC10AC4ED200A30E0C5
:109B9000D4ED1F0A90ED3C1A70EEC10A9FED401AF9
:109BA000F4EE410AF1EE10FA0CD5D4ED1F0A90ED57
:109BB0003C1A70EEC10A9FED3B1A70EE810AC4EDAB
:109BC000200A16E0D4ED1F0A90ED3C1A70EEC10A8F
:109BD000F4EE400AF1EE10FA0BDBD4ED1F0A90ED23
:109BE0003C1A70EEC10A9FED301A70EE810AC4ED86
:109BF000200AD4ED250A94ED201A70EEC10AF4EE85
:109C0000400AF1EE10FA03DBD4F89800401C01E0A2
:109C1000D4F89800C4F8980094ED250AD4ED200AF1
:109C200030EE600ADFED1E0AB4EE600AF1EE10FAC3
:109C300003D5D4F89800401E01E0D4F89800C4F889
:109C4000980094ED260AB8EEC00AF0EE000A20EE65
:109C5000200ADFED350A94ED201A00EE201A84ED7B
:109C6000241A94ED240AB7EEC00A9FED302B20EEA3
:109C7000020BB7EEC00B84ED240A31BD9A99999975
:109C80009999B93FCDCCCCCCCCCCEC3F33333333EA
:109C90003333C33F333333333333EB3FDC0F49408C
:109CA000DB0F49C0DB0FC940DB0FC9C038B504006A
:109CB0000D00DFF850039FED770AD0ED370A30EE44
:109CC000600ABDEEC00A84ED050A9FED730AD0ED6F
:109CD000370A30EE600ABDEEC00A84ED060A90ED48
:109CE000370ADFED6E0A30EE200ABDEEC00A85EDC0
:109CF000050A90ED370ADFED950A30EE200ABDEE39
:109D0000C00A85ED060A61693920FCF7CAFDA16920
:109D10003A20FCF7C6FD69693720FCF7C2FDA96946
:109D20003520FCF7BEFD31BDDB0F4940B694631A08
:109D3000DCA54C4010B5B34CB348B0F91210B0F9E3
:109D40001000091A022091FBF0F000EE100AF8EE64
:109D5000C00A94ED310AB1EE400A964800F074F959
:109D6000D4ED370AB3EE031A00EE810AF3EE040ACB
:109D700080EE200A84ED370A9FED750AD4ED370A8C
:109D8000F4EE400AF1EE10FA0DD494ED370ADFED4F
:109D9000850AB4EE600AF1EE10FA02DB9FED820A4A
:109DA00001E094ED370A84ED370A10BD38B5974CC1
:109DB000944D95ED360ABDEEC00A84ED000A8E483A
:109DC000D0ED000A95ED330A7C4800F03DF9B1EE84
:109DD000400A85ED360A206810F5AF7000EE100AD3
:109DE000B8EEC00AD5ED360AB4EE600AF1EE10FA0C
:109DF00007D5206810F5AF7000EE100AB8EEC00A63
:109E000017E02068B0F5AF7000EE100AB8EEC00A97
:109E1000D5ED360AF4EE400AF1EE10FA07D52068C7
:109E2000B0F5AF7000EE100AB8EEC00A01E095ED93
:109E3000360A85ED360A31BD10B5724C6A4890ED90
:109E40001E0AD4ED340A70EE600A9FED580A5D4890
:109E500000F0FAF884ED330A10BD10B5694C624881
:109E6000D0ED080A94ED3A0A5C4800F0EDF8B1EE46
:109E7000400A84ED3E0A10BD80B55B48D0ED240A4F
:109E8000634890ED000A574800F0DEF85D4880ED29
:109E90003A0A01BD00806845006090450020854574
:109EA00038B55C48574991ED360AD1ED3E0A30EE9F
:109EB000600A0268521C00EE902AF8EEE00A80EE7A
:109EC000200ABDEEC00A10EE104A91ED360AD1ED1F
:109ED0003E0A30EE200A0068401C00EE900AF8EEC0
:109EE000E00A80EE200ABDEEC00A10EE105A4A4881
:109EF000844201DA040006E042F229318C4202DB9E
:109F000042F22834FFE7854201DA050006E042F21A
:109F10002930854202DB42F22835FFE70220F8F7BC
:109F20006EFA012808D16D422A0012B2210009B24E
:109F3000012000F0B5FE07E000203849086000224B
:109F40000021012000F0ACFE31BD000000A08C45D6
:109F5000000096C480B52C48B0F91010002902D436
:109F6000B0F9101002E0B0F91010494242F211723B
:109F700091420FDAB0F91210914201DB012100E0A9
:109F80000021B0F91200904201DB012000E0002026
:109F9000002805D0094800F0E7F9104800F0E4F97E
:109FA00001BD00000100964400009644000000003E
:109FB00078000228F03F022800000228703F0228A3
:109FC0003C000228B03F0228B04002282C010228A1
:109FD00068010228F0400228F000022870400228A0
:109FE000B400022830400228B83B02281843022857
:109FF0001C430228204302280C4302281043022855
:10A0000014430228F0390228B842022824430228C7
:10A01000384302283C430228D8DCFFFF28430228AB
:10A02000002801D0002900D10DE04A7D02708A6924
:10A030004261CA6982610A6AC2610A6B42634A6B01
:10A040008263896BC1637047002802D19FEDC30A08
:10A0500083E10178002940F08A8080ED010AC1681F
:10A0600001618168C16030EE600A80ED020A81689A
:10A07000BB4A116090ED050AD0ED020A20EE200ADD
:10A0800080ED080A90ED060AD0ED020A90ED091A5B
:10A0900000EE201A80ED091A90ED020AD0ED030AB5
:10A0A00030EE600AD0ED070A20EE200A80ED0A0AA1
:10A0B00090ED0D0AB5EE400AF1EE10FA1FD090EDCA
:10A0C000090AD0ED0D0AF1EE600AB4EE600AF1EE75
:10A0D00010FA04D590ED0D0AB1EE400A0DE090EDB6
:10A0E0000D0AD0ED090AB4EE600AF1EE10FA02D5BD
:10A0F00090ED0D0A01E090ED090A80ED090A90ED5E
:10A10000080AD0ED090A30EE200AD0ED0A0A30EE36
:10A11000200A80ED0B0AC16A924A116090ED0E0A86
:10A12000B5EE400AF1EE10FA00F0158190ED0B0A41
:10A13000D0ED0E0AF1EE600AB4EE600AF1EE10FA0C
:10A1400004D590ED0E0AB1EE400A0DE090ED0E0A36
:10A15000D0ED0B0AB4EE600AF1EE10FA02D590EDE4
:10A160000E0A01E090ED0B0A80ED0B0AF3E0017896
:10A17000012940F07F80C16801618168C16030EED3
:10A18000600A80ED020A90ED050AD0ED020A20EE89
:10A19000200A80ED080A90ED060AD0ED020A90ED43
:10A1A000091A00EE201A80ED091A90ED020AD0ED8E
:10A1B000030A30EE600AD0ED070A20EE200A80ED97
:10A1C0000A0A90ED020AB5EE400AF1EE10FA02DB3F
:10A1D00090ED020A03E090ED020AB1EE400AD0EDE4
:10A1E0000F0AF4EE400AF1EE10FA0AD590ED080AD3
:10A1F000D0ED0A0A30EE200A80ED0B0A0021416200
:10A200000BE090ED080AD0ED090A30EE200AD0EDFF
:10A210000A0A30EE200A80ED0B0A90ED0E0AB5EE28
:10A22000400AF1EE10FA00F0968090ED0E0AD0EDA3
:10A230000B0AB4EE600AF1EE10FA02D590ED0E0AA8
:10A2400001E090ED0B0A80ED0B0A90ED0B0AD0EDCA
:10A250000E0AF1EE600AB4EE600AF1EE10FA04D5CF
:10A2600090ED0E0AB1EE400A01E090ED0B0A80ED90
:10A270000B0A70E0017802296DD1C1680161816823
:10A28000C16030EE600A80ED020A90ED020AD0ED66
:10A29000030A30EE600AD0ED050A20EE200A80EDB8
:10A2A000080A90ED060AD0ED020A20EE200A80EDA1
:10A2B000090A90ED020AD0ED030A30EE600AD0EDF3
:10A2C000040A90ED031A70EEC10A30EE200AD0EDB8
:10A2D000070A20EE200A80ED0A0A90ED080AD0ED68
:10A2E000090A30EE200AD0ED0A0A30EE200AD0ED3D
:10A2F0000B0A30EE200A80ED0B0AC16A194A116080
:10A3000090ED0E0AB5EE400AF1EE10FA23D090ED72
:10A310000E0AD0ED0B0AB4EE600AF1EE10FA02D587
:10A3200090ED0E0A01E090ED0B0A80ED0B0A90ED26
:10A330000B0AD0ED0E0AF1EE600AB4EE600AF1EEFF
:10A3400010FA04D590ED0E0AB1EE400A01E090ED4E
:10A350000B0A80ED0B0A90ED0B0A7047000000001D
:10A360006443022868430228002181600021C16003
:10A37000002101610021016200214162002181620E
:10A380000021C1627047000080B50A000821DFF893
:10A3900034341960D2B20100C9B20220FEF7F2FAD9
:10A3A0000820DFF85C14086001BD80B501000020C2
:10A3B0000820DFF81024106051F08001C9B202209B
:10A3C000FEF754FB0821DFF838241160C0B202BD4B
:10A3D00010B513000822DFF8EC4322600A0050F0A9
:10A3E00080000100C9B20220FEF7A8FB0820DFF8B8
:10A3F0001014086010BD70B500240025002606E08A
:10A400000F20FFF7D2FF05000A20FDF713FEEDB283
:10A410006B2D06D03000461C80B2B0F5807FEFDB9C
:10A4200001242000C0B270BDE0B506226946282094
:10A43000FFF7CEFF9DF801009DF8001051EA0021C2
:10A44000DFF8840301809DF803009DF8021051EAB3
:10A450000021DFF8780301809DF805009DF80410C5
:10A4600051EA0021DFF88803018007BDE0B506222C
:10A4700069462220FFF7ACFF9DF801009DF800100F
:10A4800051EA0021DFF8480301809DF803009DF8A0
:10A49000021051EA0021DFF83C0301809DF805001D
:10A4A0009DF8041051EA0021DFF85803018007BD30
:10A4B0003EB500240A20FDF7BDFD082002900220D1
:10A4C0000190022000900223C34A00210220FEF7DF
:10A4D000AFFB0323002201217B20F7F7C8FF0021F7
:10A4E0000120FFF751FF01211220FFF74DFF02204D
:10A4F000FDF7A0FD00210120FFF746FFFFF77BFFDE
:10A50000002808D040F27B13B44AB5490020F8F780
:10A510008AFB012430E003210D20FFF735FF3C21A9
:10A520001020FFF731FFAF4DAF4828602000C0B2C8
:10A53000012821D05C211120FFF726FFB248686076
:10A540002000C0B2012817D044211220FFF71CFFC1
:10A5500002211320FFF718FF00211420FFF714FF3A
:10A5600000211520FFF710FF00211620FFF70CFF38
:10A5700001211820FFF708FF2000C0B23EBD0000F7
:10A580009A489849904AB2F9002000EE102AB8EE95
:10A59000C00AD1ED000A80EE200A80ED030A8B4A42
:10A5A000B2F9002000EE102AB8EEC00AD1ED000A80
:10A5B00080EE200A80ED040A8D4AB2F9002000EEF8
:10A5C000102AB8EEC00AD1ED000A80EE200A80ED14
:10A5D000050A9FED880B7E4AB2F9002001EE102A91
:10A5E000B8EEC11AD1ED011A81EE211AB7EEC11AE7
:10A5F00021EE001BB7EEC11B80ED001A754AB2F9BF
:10A60000002001EE102AB8EEC11AD1ED011A81EE38
:10A61000211AB7EEC11A21EE001BB7EEC11B80ED67
:10A62000011A784AB2F9002001EE102AB8EEC11AD8
:10A63000D1ED011A81EE211AB7EEC11A21EE000BFD
:10A64000B7EEC00B80ED020AC168C1640169016503
:10A6500041694165016881614168C1618168016248
:10A6600090ED060AD0ED0C0A30EE600A80ED060A85
:10A6700090ED070AD0ED0D0A30EE600A80ED070A72
:10A6800090ED080AD0ED0E0A30EE600A80ED080A5F
:10A690007047000038B5554C0020A0610020E061F3
:10A6A0000020206200202063002060630020A0635F
:10A6B0000020E0630020206400206064002084F813
:10A6C000480000252BE06D1E94F84800401C84F8DB
:10A6D000480020E094ED080AB1EE400AB4EE600AAA
:10A6E000F1EE10FAEFD594ED0F0AD4ED060A30EE34
:10A6F000200A84ED0F0A94ED100AD4ED070A30EE1B
:10A70000200A84ED100A94ED110AD4ED080A30EE07
:10A71000200A84ED110A0220FDF78CFC6D1CB5F5B2
:10A720007A7F35D2FFF7A2FEFFF72AFF94ED060AE3
:10A73000B5EE400AF1EE10FA02DB94ED060A03E0F2
:10A7400094ED060AB1EE400ADFED2C0AB4EE600A81
:10A75000F1EE10FAB7D594ED070AB5EE400AF1EE26
:10A7600010FA02DB94ED070A03E094ED070AB1EE5C
:10A77000400AB4EE600AF1EE10FAA4D594ED080A8E
:10A78000B5EE400AF1EE10FAA4DB94ED080AA5E755
:10A7900094ED0F0ADFED1D0A80EE200A84ED0C0A0D
:10A7A00094ED100ADFED190A80EE200A84ED0D0AFF
:10A7B00094ED110ADFED150A80EE200A84ED0E0AF1
:10A7C00031BD000084073140964302289843022897
:10A7D000904302289243022880969800C8D408101B
:10A7E000D8D708100809022800108045B83B022875
:10A7F0009A43022811E7FAA146DF913FCDCC4C3DA8
:10A800008807314094430228CDCC644100007A444B
:10A81000F8B52DED028B04000D0016001F00B0EE00
:10A82000008A94ED000AD4ED000A20EE200AD4ED4F
:10A83000010A94ED011A00EE810AD4ED020A94EDAA
:10A84000021A00EEC10AD4ED030A94ED031A00EED9
:10A85000C10AB7EEC01A94ED000AD4ED030A20EE47
:10A86000200AD4ED010A94ED022A00EE820A20EEBD
:10A87000080AB7EEC00AFDF7D7FAB7EEC00B85EDB0
:10A88000000A94ED020AD4ED030A20EE200AD4ED6A
:10A89000000A94ED011A00EE810A20EE080A00F089
:10A8A0004BFA86ED000A94ED010AD4ED010A20EE80
:10A8B000200AD4ED020A94ED021A00EE810AF7EEA6
:10A8C000000A40EE480A94ED000A94ED021A20EEC8
:10A8D000010A94ED011AD4ED031A01EE610A20EE8B
:10A8E000080A00F057FA87ED000ABDEC028BF1BDB3
:10A8F00010B52DED068B0400F0EE40AAB0EE608A94
:10A90000F0EE418AB0EE619AF0EE429AB0EE62AAA1
:10A91000B5EE409AF1EE10FA0AD1F5EE409AF1EE5A
:10A9200010FA05D1B5EE40AAF1EE10FA00F09680CB
:10A9300029EE090A09EEA90A0AEE0A0A00F00AF944
:10A94000B0EE401A29EE010A69EE810A2AEE011AD8
:10A95000D4ED011A94ED032A61EE821A94ED002AD7
:10A96000D4ED022A42EE621A94ED002AD4ED012AB7
:10A9700022EE222AD4ED022A94ED033A02EE832A33
:10A9800094ED003AD4ED003AFEEE002A43EE232A7D
:10A9900094ED033AD4ED033A43EE232A20EEA23A93
:10A9A00001EE423A21EE211A00EE621A20EE020A6E
:10A9B00000EEE10ADFF8CC01D0ED000AF5EE400A26
:10A9C000F1EE10FA34DDD0ED000ADFF8CC11DFED46
:10A9D000171A60EE830A91ED002A00EEA12A81ED9C
:10A9E000002AD0ED000ADFF8B42160EE810A92ED72
:10A9F000002A00EEA12A82ED002AD0ED000ADFF83D
:10AA0000A00160EE800A90ED002A00EEA12A80ED00
:10AA1000002AD1ED000A7AEEA0AAD2ED000A38EEA3
:10AA2000208AD0ED000A78EEA08A0AE06F12033B7C
:10AA3000554800210160554800210160544800211B
:10AA400001605448D0ED000A40EE83AAD0ED000A20
:10AA500000EE818AD0ED000A40EE808A9FED3C1A1C
:10AA60002AEE810A68EE010A28EE811AD4ED001A56
:10AA700094ED012AD4ED022A22EE403A02EEE03AA9
:10AA8000D4ED033A03EEC13AD4ED003A33EE233A63
:10AA900084ED003A21EE803A02EE813AD4ED033A99
:10AAA00003EEE03AD4ED013A33EE233A84ED013A75
:10AAB00021EEA03A02EE413AD4ED033A03EE803A99
:10AAC000D4ED023A33EE233A84ED023A21EE811AB4
:10AAD00002EE201A02EEC01A94ED030A31EE000ACB
:10AAE00084ED030A94ED000AD4ED000A20EE200A5A
:10AAF000D4ED010A94ED011A00EE810AD4ED020AA8
:10AB000094ED021A00EE810AD4ED030A94ED031AC3
:10AB100000EE810A00F01EF8D4ED000A60EE800A13
:10AB2000C4ED000AD4ED010A60EE800AC4ED010A0A
:10AB3000D4ED020A60EE800AC4ED020AD4ED030AE5
:10AB400020EE800A84ED030ABDEC068B10BD0000E8
:10AB50006F12833A81B0F6EE000A60EE200A8DEDA6
:10AB6000000A00980F49B1EB600100919DED000AC9
:10AB700060EE800AB7EE081A00EEC01A21EE000A55
:10AB800001B070474043022844430228484302284A
:10AB90004C430228940802285043022854430228B8
:10ABA00058430228DF59375F70B596B00400002083
:10ABB00001A835490A6802603448D0F8F8100291BB
:10ABC00002ADD0F8E80068603148016A049131496B
:10ABD00091ED060BB7EEC00B85ED030A816B069174
:10ABE0002D490A680792D0F89020AA610968099156
:10ABF000C06C2862294810F5AA6191ED000BB7EEF0
:10AC0000C00B8DED0B0A10F5A56191ED000BB7EEB1
:10AC1000C00B8DED0C0A10F5A46090ED000BB7EEA3
:10AC2000C00B8DED0D0A002622E03000C0B215F8F1
:10AC300020008DF80000684602A93200D2B201EB74
:10AC400082014978417002A93200D2B201EB82013F
:10AC50008978817002A93200D2B201EB8201C978F1
:10AC6000C170042269462000C0B2F9F7C8FB761C07
:10AC70003000C0B20C28D8DB042201A92000C0B2E9
:10AC8000F9F7BDFB16B070BD9CDC0810F039022846
:10AC9000B83B0228E03E022838430228582E0228FA
:10ACA000FEB506000C001500072100226F46380093
:10ACB000F7F724FCA5208DF80000F6B2012E04D091
:10ACC00028D3032E1BD00ED324E068460121417007
:10ACD000210009B209128170C470290009B2091259
:10ACE0000171457116E068460221417000218170B2
:10ACF0000021C17000210171002141710AE0684604
:10AD000003214170002181700021C1700021017177
:10AD100000214171694600208871002204E08B798E
:10AD2000885CC3188B71521C062AF8DB072269461F
:10AD30000120F9F764FBF7BD10EE101A4FF07E52B8
:10AD400001EE902AC80F31F0004120D000EE101A19
:10AD5000914212D871EEC00A0D4A31EE801A61EEAE
:10AD6000200AF1EEE00A914286BF80F0040080EEF6
:10AD7000800A80EE200A00F043B8490011F1807F7C
:10AD80009CBF6FF0004100EE101AAFF300807047D7
:10AD9000F404353F52EC101AB0EEC00AC80F490057
:10ADA0005200F0EEE00A28BF0C3011F1807F38BF6E
:10ADB00012F1807F0CD28A4238BF80F00400124228
:10ADC00014D034BF80EE800A80EE200A00F018B85C
:10ADD00011F1807F08BF80F0040098BF12F1807FDE
:10ADE00008D88A4214BF00224FF07E5200EE102A8B
:10ADF00000F006B86FF0004100EE101A7047000036
:10AE00001AA210EE101A43F2A40CC3F6896CF2ECED
:10AE1000060A614509DB00EE803A70EE800A83EE97
:10AE2000200A40F0020010EE101A4900D1F1E6416C
:10AE30000BD860EE000A20EE203A03EE010A01EE84
:10AE4000A02A42EE202A80EE220A400810F0020FCB
:10AE500018BFB1EE400A02EB8002D2ED000A30EEDC
:10AE6000200A28BFB1EE400A70470000D7B3DD3F8B
:10AE70006AD5033F2B94A93DB82A593F0000803F73
:10AE8000000080BF00000000920A063FDB0FC93FB0
:10AE9000920A863FDB0FC93F920A0640DB0F49400A
:10AEA000368D274000000000000000000000000078
:10AEB00000000000000000F8000000000000003367
:10AEC0003000000000100C06100C0600000000000E
:10AED0000000000040C07840C0784000043F0404F7
:10AEE0003F040400007088FC08300000001820FFB8
:10AEF000211E0000F008F000E018000000211C03F3
:10AF00001E211E0000F00888700000001E2123246E
:10AF10001927211010160E0000000000000000008C
:10AF200000000000000000E018040200000000071C
:10AF30001820400000020418E00000000040201823
:10AF400007000000404080F0804040000202010FF6
:10AF500001020200000000F0000000000101011FDA
:10AF600001010100000000000000000080B070003E
:10AF700000000000000000000000000000010101CE
:10AF8000010101010000000000000000003030005D
:10AF90000000000000000000806018040060180637
:10AFA0000100000000E010080810E000000F102071
:10AFB00020100F00001010F8000000000020203FBB
:10AFC0002020000000700808088870000030282445
:10AFD00022213000003008888848300000182020E6
:10AFE00020110E000000C02010F80000000704240B
:10AFF000243F240000F80888880808000019212050
:10B0000020110E0000E0108888180000000F1120A9
:10B0100020110E0000380808C83808000000003F62
:10B02000000000000070880808887000001C2221C1
:10B0300021221C0000E010080810E000000031226E
:10B0400022110F00000000C0C0000000000000300E
:10B050003000000000000080000000000000806060
:10B0600000000000000080402010080000010204E1
:10B0700008102000404040404040400004040404C8
:10B080000404040000081020408000000020100884
:10B0900004020100007048080808F00000000030B9
:10B0A00036010000C030C828E810E0000718272447
:10B0B00023140B000000C038E0000000203C2302F5
:10B0C0000227382008F8888888700000203F202058
:10B0D00020110E00C030080808083800071820208A
:10B0E0002010080008F808080810E000203F202081
:10B0F00020100F0008F88888E8081000203F202062
:10B100002320180008F88888E8081000203F200055
:10B1100003000000C030080808380000071820208D
:10B12000221E020008F808000008F808203F21014C
:10B1300001213F20000808F8080800000020203FF7
:10B140002020000000000808F8080800C080808067
:10B150007F00000008F888C028180800203F200160
:10B160002638200008F8080000000000203F2020BA
:10B170002020300008F8F800F8F80800203F003FD1
:10B18000003F200008F830C00008F808203F2000E9
:10B1900007183F00E01008080810E0000F102020FA
:10B1A00020100F0008F808080808F000203F2101CF
:10B1B00001010000E01008080810E0000F18242426
:10B1C00038504F0008F8888888887000203F200099
:10B1D000030C30200070880808083800003820214F
:10B1E00021221C00180808F8080818000000203F59
:10B1F0002000000008F808000008F808001F2020C0
:10B2000020201F000878880000C838080000073890
:10B210000E010000F80800F80008F800033C0700E1
:10B22000073C0300081868808068180820302C0349
:10B23000032C30200838C800C83808000000203F20
:10B240002000000010080808C8380800203826210F
:10B2500020201800000000FE020202000000007F13
:10B2600040404000000C30C0000000000000000121
:10B270000638C00000020202FE000000004040400C
:10B280007F00000000000402020204000000000031
:10B2900000000000000000000000000080808080AE
:10B2A0008080808000020204000000000000000096
:10B2B000000000000000808080800000001924222F
:10B2C00022223F2008F8008080000000003F11206B
:10B2D00020110E000000008080800000000E112070
:10B2E00020201100000000808088F800000E11204E
:10B2F00020103F200000808080800000001F22225C
:10B3000022221300008080F0888888180020203FC7
:10B31000202000000000808080808000006B9494DA
:10B320009493600008F8008080800000203F210096
:10B3300000203F2000809898000000000020203F5F
:10B3400020200000000000809898000000C080804D
:10B35000807F000008F8000080808000203F2402E9
:10B360002D302000000808F8000000000020203FD9
:10B37000202000008080808080808000203F20008E
:10B380003F20003F8080008080800000203F21001F
:10B3900000203F200000808080800000001F2020CF
:10B3A00020201F00808000808000000080FFA120FE
:10B3B00020110E000000008080808000000E11200F
:10B3C00020A0FF80808080008080800020203F219E
:10B3D0002000010000008080808080000033242451
:10B3E00024241900008080E0808000000000001FFD
:10B3F000202000008080000000808000001F2020AE
:10B4000020103F20808080000080808000010E306E
:10B410000806010080800080008080800F300C03CF
:10B420000C300F0000808000808080000020312ED2
:10B430000E312000808080000080808080818E70AE
:10B440001806010000808080808080000021302C60
:10B450002221300000000000807C02020000000079
:10B46000003F404000000000FF000000000000001E
:10B47000FF0000000002027C800000000040403F0E
:10B4800000000000000601010202040400000000A8
:10B4900000000000022801D3012010E00B00DBB205
:10B4A000042B01DB01200AE0DFF82C3503EB8000E0
:10B4B000C9B2405C824201D3012000E00020704705
:10B4C000F8B506000F0015001C00022E01D3012064
:10B4D0001DE02A003900C9B23000FFF7DBFF012868
:10B4E00001D1012013E03800C0B2002812D1B4F518
:10B4F000807F0DD2DFF8E4047603304400EB850052
:10B5000010F58050016864F30F2101600020F2BD46
:10B510000120FCE7FFB2012F11D1B4F5803F0CD21E
:10B52000DFF8B8047603304400EB850010F5A05036
:10B53000016864F317210160E8E70120E7E70120D3
:10B54000E5E700B20012C0B27047F8B505000E0082
:10B550001700280000B2FFF7F4FF04002000C0B27B
:10B56000022801D3012024E03A003100C9B22000B2
:10B57000C0B2FFF78FFF012801D1012019E0DFF8E9
:10B580005C142000C0B2400308442A00D2B200EB91
:10B590008200D0F8000CF6B266F3092067F30700CA
:10B5A000E4B264032144EDB201EB8501C1F8000C63
:10B5B0000020F2BD70B504000D001600022C01D36E
:10B5C00001201DE032002900C9B22000FFF762FF10
:10B5D000012801D1012013E0DFF8001460030858AE
:10B5E00050F0004050F0407050F47F00EDB265F331
:10B5F000092066F30700620388506403085900209D
:10B6000070BD0100C9B2002964D0012964D00229AB
:10B6100064D0032964D0042964D0052964D00629A4
:10B6200064D0072964D0102964D0112964D012296C
:10B6300064D0132964D0142964D0152964D0162944
:10B6400064D0172964D0182964D0192964D01A2924
:10B6500064D01C2964D01D2964D0202964D02429F9
:10B6600064D0252964D0262964D0272964D02829CC
:10B6700064D0292964D02C2964D02D2964D02E29A6
:10B6800064D02F2964D0302964D0312964D0322984
:10B6900064D0332964D0342964D0352964D0382962
:10B6A00064D0392964D03C2964D03D2964D03E2936
:10B6B00064D0402964D0412964D0422964D0432910
:10B6C00064D0442964D0452964D0462964D04729F0
:10B6D00064D065E0302063E0312061E032205FE03B
:10B6E00033205DE034205BE0352059E0362057E020
:10B6F000372055E0382053E0392051E03A204FE020
:10B700003B204DE03C204BE03D2049E03E2047E01F
:10B710003F2045E0412043E0422041E043203FE01C
:10B7200048203DE049203BE0542039E0602037E0EC
:10B73000612035E0622033E0632031E064202FE0B7
:10B7400065202DE068202BE0692029E06A2027E0B1
:10B750006B2025E06C2023E06D2021E06E201FE0AF
:10B760006F201DE070201BE0712019E0742017E0AD
:10B77000752015E0782013E0792011E07A200FE0A1
:10B7800090200DE091200BE0922009E0932007E04B
:10B79000942005E0952003E0962001E09720FFE744
:10B7A000C0B2704730B40100C9B249090200D2B238
:10B7B000202392FBF3F403FB1422894BC0B21B5CE1
:10B7C0005B00D3F10403874C0800C0B254F820009A
:10B7D0001500EDB2AD01284400F63C00056855F0B7
:10B7E000010505600800C0B254F82000D0F800023E
:10B7F000C00F0028F6D1C9B254F82100D2B292018C
:10B800001044D0F8240880B2184180B230BC704790
:10B81000F0B597B004000D00002000200020342176
:10B8200000220AAE3000F6F769FE082100226E46BB
:10B830003000F6F763FE6A482100C9B24554200083
:10B84000C0B22021674D90FBF1F201FB1200800194
:10B850002100C9B2491155F82110084410F50060C3
:10B8600000F0BAF900200B902000C0B2FFF7C9FE2B
:10B87000060008272000C0B2FFF7C3FE0AAA96FB05
:10B88000F7F107FB11663100574BC0B2C010C00181
:10B890001844F7F736FC06275448B0FBF7F60222A7
:10B8A00001212000C0B24009C0B200F2231000B252
:10B8B000FFF74BFE2000C0B24009C0B200F22310D7
:10B8C00000B2FFF73EFE7F1E3B0002220121C0B204
:10B8D000FFF7F6FD2000C0B24009C0B200F223100D
:10B8E00000B2FFF72EFE02220121C0B2FFF762FE76
:10B8F00000208DF8030001208DF8050001208DF84F
:10B90000060001208DF8070069462000C0B24011F2
:10B9100055F8200000F070F84FF4167234480021FA
:10B92000E2FB0601334A0023F6F798FE06002021C9
:10B93000002202AF3800F6F7E1FD03208DF80A007F
:10B940002000C0B2202190FBF1F201FB12008DF823
:10B950000D0001208DF81000ADF8146001208DF865
:10B960000B0001208DF822002000C0B2202202A985
:10B9700090FBF2F302FB130080012200D2B25211BD
:10B9800055F82220104410F5006000F07BF82000EC
:10B99000C0B2202190FBF1F201FB120080012100D6
:10B9A000C9B2491155F82110084410F5006000F0A3
:10B9B00029F92000C0B2202190FBF1F201FB120016
:10B9C0008001E4B2641155F82410084410F50060B9
:10B9D00000F024F917B0F0BDD0DA081000000440E0
:10B9E000283F0228180902280000314000B4C4048E
:10B9F0000065CD1D00CA9A3B70B40022DFF8A43266
:10BA00001C68002939D00B7813F00F0310F11005D2
:10BA10002E683609360133432B604B7863F30704F5
:10BA20008B78002B01D0012300E0002363F308246E
:10BA3000CB7863F349240B79002B01D0012300E07C
:10BA4000002363F38A244B79002B01D0012300E00B
:10BA5000002363F35D748B79002B01D0012300E098
:10BA6000002363F39E74C979002901D0012100E00D
:10BA7000002161F3DF74046001E0DFF8442210006C
:10BA800070BC70472DE9F84F81460C000025DFF8A7
:10BA90001802D0F800A0DFF814020668DFF81002E0
:10BAA0000768DFF81002D0F80080DFF80C02D0F849
:10BAB00000B0002C00F08B80484600F0A9F85BF441
:10BAC000806B5BF4007B5BF4807B5BF0020B5BF0D4
:10BAD000010B5BF0040BC9F810B0207810F00700E0
:10BAE0005FEADA0A5FEACA0A50EA0A0A607810F0E6
:10BAF000070060F3061AA07810F0030060F3092A2B
:10BB0000E078002801D0012000E0002060F3CB2A7B
:10BB10002079002801D0012000E0002060F3DF7AC6
:10BB2000C9F800A0607910F03F00B609B6010643DD
:10BB3000A07910F0030060F38716E07910F0070099
:10BB400060F30A26207A002801D0012000E00020BE
:10BB500060F3CB26607A10F0030060F30D36A07A14
:10BB600010F0030060F38F36A0890005000D60F32C
:10BB70001B46A07B60F3DF76C9F80460E07B10F021
:10BB80000700FF08FF000743207C60F38617607CF6
:10BB900060F3C717A07C60F30F27E07C10F01F0054
:10BBA00060F31447207D10F0030060F39757C9F845
:10BBB0000870E08A60F30F08208B60F31F48C9F813
:10BBC0000C8014F11A01484600F02EF801E0DFF86D
:10BBD000F0502800BDE8F28FDFF8E81009684FF454
:10BBE000006202600022826351F4806151F40071AE
:10BBF00051F4807151F0020151F0010151F0040142
:10BC0000016170473830016851F0010101607047EF
:10BC10003830016849084900016070473C300168CC
:10BC200051F001010160704710B40022DFF88C3040
:10BC30001C68002931D04B79002B01D0012300E092
:10BC4000002363F38A240B79002B01D0012300E049
:10BC5000002363F34924CB78002B01D0012300E0BB
:10BC6000002363F308244B78002B01D0012300E06C
:10BC7000002363F341040B78002B01D0012300E083
:10BC8000002363F300048978002901D0012100E03A
:10BC9000002161F38204846101E0DFF824201000B8
:10BCA00010BC7047E0DB0810E4DB0810E8DB08108C
:10BCB000ECDB0810F0DB0810F4DB0810FCDB0810EC
:10BCC0000100DA00F8DB0810022801D3012010E09F
:10BCD0000B00DBB2042B01DB01200AE0DFF86C3340
:10BCE00003EB8000C9B2405C824201D3012000E036
:10BCF00000207047F8B506000F0015001C00022E4A
:10BD000001D301201DE02A003900C9B23000FFF73D
:10BD1000DBFF012801D1012013E03800C0B2002868
:10BD200012D1B4F5807F0DD2DFF8240376033044BE
:10BD300000EB850010F58050016864F30F2101606D
:10BD40000020F2BD0120FCE7FFB2012F11D1B4F5B4
:10BD5000803F0CD2DFF8F8027603304400EB850018
:10BD600010F5A050016864F317210160E8E7012095
:10BD7000E7E70120E5E700B20012C0B27047F8B56E
:10BD800005000E001700280000B2FFF7F4FF0400C2
:10BD90002000C0B2022801D3012023E03A00310084
:10BDA000C9B22000C0B2FFF78FFF012801D10120E6
:10BDB00018E0A7492000C0B2400308442A00D2B2CC
:10BDC00000EB8200D0F8000CF6B266F3092067F3AE
:10BDD0000700E4B264032144EDB201EB8501C1F830
:10BDE000000C0020F2BD70B504000D001600022CFE
:10BDF00001D301201CE032002900C9B22000FFF766
:10BE000063FF012801D1012012E091496003085825
:10BE100050F0004050F0407050F47F00EDB265F3F8
:10BE2000092066F307006203885064030859002064
:10BE300070BD80B50100C9B2032906DA8549C0B2D8
:10BE4000C0010844FCF71BFB07E08349C0B2C001F6
:10BE50000844B0F5C070FCF712FB01BD70B596B098
:10BE600004000D005021002202AE3000F6F746FB20
:10BE700000262000C0B203286ADA00220121200037
:10BE8000C0B200F2711000B2FFF779FF2000C0B21B
:10BE900000F2711000B2FFF76EFF092300220121AA
:10BEA000C0B2FFF727FF2000C0B200F2711000B24D
:10BEB000FFF761FF00220121C0B2FFF794FF2000CD
:10BEC000C0B210F5D570ADF800000220ADF8020048
:10BED00001208DF80400032260482100C9B250F807
:10BEE00021106846F8F750FFED00029500208DF80C
:10BEF0000C0000208DF80D0000208DF80E000020B1
:10BF00008DF8100003208DF84C00012014900020C3
:10BF10008DF8540000208DF855004E4D02A92000E8
:10BF2000C0B2C0012844FCF7DBF92000C0B2C00158
:10BF30002844FCF795FA2000C0B2C0012844FAF763
:10BF400080FFE4B2E40105EB0400FCF792FA7AE02A
:10BF5000002201212000C0B210F5B17000B2FFF73D
:10BF60000EFF2000C0B210F5B17000B2FFF703FF62
:10BF7000092300220121C0B2FFF7BCFE2000C0B29D
:10BF800010F5B17000B2FFF7F6FE00220121C0B239
:10BF9000FFF729FF2000C0B200F29B10ADF80000AF
:10BFA0000220ADF8020001208DF8040003222B4886
:10BFB0002100C9B250F821106846F8F7E5FEED00FF
:10BFC000002005E0B5F5803F01D3761C6D08401CCC
:10BFD0000828F7DB02958DF80C6000208DF80D0025
:10BFE00000208DF80E0000208DF8100003208DF841
:10BFF0004C000120149000208DF8540000208DF892
:10C000005500154D02A92000C0B2C0012844B0F56A
:10C01000C070FCF765F92000C0B2C0012844B0F53B
:10C02000C070FCF71DFA2000C0B2C0012844B0F572
:10C03000C070FAF706FFE4B2E40105EB0400B0F5C6
:10C04000C070FCF716FA16B070BD0000D0DA081008
:10C050000000044000005940008058402409022894
:10C06000F8B5DFF8E802DFF8E8120A7803789A42B8
:10C070001ED0DFF8E0221378052B19DA007808705B
:10C08000DFF8D402DFF8D41291ED000B90ED061B1F
:10C0900030EE010B81ED000BB14991ED000B90EDFD
:10C0A000081B30EE010B81ED000B1078401C107066
:10C0B000A84C2078052811D1A84890ED000BB1EECE
:10C0C000042B80EE020B80ED000BA54890ED000BD9
:10C0D000B1EE042B80EE020B80ED000BA14FA04DC2
:10C0E0009D489E4E90ED083B90ED062B95ED001B74
:10C0F00096ED000BFBF7ECF8B7EEC00B87ED000AEE
:10C1000097ED000AF7EE000AB4EE600AF1EE10FABD
:10C1100009D52078052806D10020207092480178A2
:10C12000491C017015E097ED000AF7EE000AB4EE25
:10C13000600AF1EE10FA0CDB2078052809D1002006
:10C14000207000200021C6E9000100200021C5E97F
:10C150000001F1BD10B48548C169022916D1844996
:10C16000844A92F900300C781BB224B2A3420DD05D
:10C1700091F900001070804890ED240ADFED6F0AFD
:10C1800030EE200A7D4880ED000A67E0C16902298F
:10C1900040D17A4A784B92ED000AD3ED240A30EE72
:10C1A000600AB5EE400AF1EE10FA06DB92ED000AE5
:10C1B000D3ED240A30EE600A05E093ED240AD2EDB7
:10C1C000000A30EE600AF6EE000AB4EE600AF1EE04
:10C1D00010FA1FD566490C7850F82400002802D1C7
:10C1E0009FED570A01E09FED570A6548097800EB7B
:10C1F0008100D0ED000AF8EE600AB8EEC00A93EDB7
:10C20000241A00EE801A82ED001A57480178491C62
:10C21000017023E0C169022920D055490A7850F8FD
:10C220002200002802D19FED460A01E09FED450A59
:10C230005348097800EB8100D0ED000AF8EE600A5F
:10C24000B8EEC00A4C4890ED241A00EE801A4B4814
:10C2500080ED001A44480178491C017010BC7047F9
:10C2600048484349097800EB810090ED000AB8EE98
:10C27000400A3C48D0ED000AB4EE600AF1EE10FA34
:10C2800008D541480021C0F8C41037480178491C3E
:10C29000017004E03C48D0F8C010C0F8C4107047EA
:10C2A00010B5314C2078002801D1FFF753FF2078DA
:10C2B000012801D1FFF7D4FE2078022822D12E4890
:10C2C0002E4991ED000AD0ED240A30EE600AB5EE59
:10C2D000400AF1EE10FA06DB91ED000AD0ED240AD7
:10C2E00030EE600A05E090ED240AD1ED000A30EE50
:10C2F000600ADFED150AB4EE600AF1EE10FA01D51E
:10C30000FFF7AEFF2078032817D1194801781F4A9C
:10C310001278914211D20021217000210D4A117032
:10C320000E4900220023C1E900230D490022002309
:10C33000C1E900230178491C017010BD000034449C
:10C3400001000000FFFFFFFFCDCC4C3D9C430228C5
:10C35000A5430228A6430228E03E0228F042022814
:10C36000F842022800430228A44302283842022847
:10C37000A3430228A7430228B83B022838430228D7
:10C38000F841022818420228F03902289A090228A6
:10C39000D0F8C80F7047C0F8C01FD0F8C00F704762
:10C3A000D0F8880F7047C0F8801FD0F8800F704712
:10C3B00070B50020FFF73DFDA54C2078401C207093
:10C3C000A44D2878401C2870A34E3078401C307053
:10C3D000FDF71EFB00F05AF930780A2803DBFDF761
:10C3E000A9FC002030702878042801DB0020287088
:10C3F0002078022805DBFDF73FFDFDF71DFD00203D
:10C400002070FDF72AFDFDF7D1FCFDF749FD9349AA
:10C410009348FDF74BFCFDF79DFD70BD80B50120F5
:10C42000FFF707FD01BD80B50220FFF702FD01BD4A
:10C4300080B50320FFF7FDFC01BD80B50420FFF7A8
:10C44000F8FC01BD80B50520FFF7F3FC01BD80B508
:10C450000620FFF7EEFC01BD80B50720FFF7E9FCE1
:10C4600001BD80B50820FFF7E4FC01BD80B50920BF
:10C47000FFF7DFFC01BD80B50A20FFF7DAFC01BD44
:10C4800080B50B20FFF7D5FC01BD80B50C20FFF770
:10C49000D0FC01BD80B50D20FFF7CBFC01BD80B500
:10C4A0000E20FFF7C6FC00F08BF901BD80B500201F
:10C4B000F7F76FFFFFF76CFF400708D50020F7F78D
:10C4C00068FF0421FFF767FFF6F77FFB0DE0002010
:10C4D000F7F75FFFFFF764FF800506D50020F7F749
:10C4E00058FF4FF40071FFF75EFF01BD80B50120DA
:10C4F000F7F74FFFFFF74CFF400708D50120F7F78C
:10C5000048FF0421FFF747FF00F098F90DE00120F4
:10C51000F7F73FFFFFF744FF800506D50120F7F747
:10C5200038FF4FF40071FFF73EFF01BD70B50220E8
:10C53000F7F72FFFFFF72CFF40073BD50220F7F757
:10C5400028FF0421FFF727FFFBF732F8FAF790FFE7
:10C5500044480178D1F101010170434C434D444EF0
:10C5600096ED083B96ED062B95ED001B94ED000B28
:10C57000FAF7AEFE3F4890ED001AB7EEC11A31EE61
:10C58000000BB7EEC00B3C4880ED000A3B4890ED35
:10C590002A3B90ED142B95ED001B94ED000BFAF760
:10C5A000FDFEB7EEC00B364880ED000A306B354912
:10C5B00008600DE00220F7F7ECFEFFF7F1FE8005C2
:10C5C00006D50220F7F7E5FE4FF40071FFF7EBFE0A
:10C5D00070BD80B50320F7F7DCFEFFF7D9FE4007FA
:10C5E00006D50320F7F7D5FE0421FFF7D4FE0DE0B2
:10C5F0000320F7F7CEFEFFF7D3FE800506D5032014
:10C60000F7F7C7FE4FF40071FFF7CDFE01BD80B50F
:10C610000420F7F7BEFEFFF7BBFE400709D5042054
:10C62000F7F7B7FE0421FFF7B6FE1748006880470A
:10C630000DE00420F7F7ADFEFFF7B2FE800506D54A
:10C640000420F7F7A6FE4FF40071FFF7ACFE01BD22
:10C650009D4302289E4302289F430228C43E02288D
:10C66000EC3A02289C430228F0420228F8420228B1
:10C67000E03E0228B033022800430228083B02288B
:10C6800004430228084302281409022870B5434CC9
:10C690002078401C2070424D4248B0F9101000EE46
:10C6A000101AB8EEC00BB0F9120001EE100AB8EE85
:10C6B000C11B30EE410BB1EE082B20EE020B9FEDBB
:10C6C0003A2B80EE020B15F5A66090ED001B30EEC4
:10C6D000010B15F5A66080ED000B354890ED000AC2
:10C6E000B7EEC00AB1EE002B20EE020B9FED312B0E
:10C6F00080EE020B15F5A66090ED001B30EE010BED
:10C7000015F5A66080ED000B2078312844D12B4E22
:10C7100096ED240AB7EEC00AFBF72EFB15F5A660CE
:10C7200090ED001B20EE010B15F5A96080ED000BCC
:10C7300096ED240AB7EEC00AFBF720FB15F5A660BC
:10C7400090ED001B20EE010B15F5AA6080ED000BAB
:10C7500015F5A46090ED000B15F5A96090ED001B98
:10C7600030EE010B15F5A46080ED000B15F5A5600A
:10C7700090ED000B15F5AA6090ED001B30EE010B5B
:10C7800015F5A56080ED000B15F5A66000220023CD
:10C79000C0E900230020207070BD0000A8430228DB
:10C7A000582E0228B842022800000000383D3C41C3
:10C7B0001C4302280000000080843E41B83B022850
:10C7C000F8B51948007800282DD00020174C082013
:10C7D0002060174D04202860082028600420206075
:10C7E0000820206004202860002615E0082028602A
:10C7F000104F0720FEF7D6FF3100C9B227F811000D
:10C800000420FEF7CFFF3100C9B207EB4101A1F8C8
:10C81000000108202060761C3000C0B28028E5DBD3
:10C82000012005490870F1BDB243022808033140D8
:10C8300004033140D8360228B34302281CB56946A8
:10C840000120F7F7F9FD002850D09DF80000A52839
:10C8500005D13148C179A52901D0002181732E4B22
:10C860009DF80000997B1944C871987B401C98730F
:10C87000987B07283ADBD879A5282FD10020D873D8
:10C88000002106E0DA7B03EB0100C0798218DA733D
:10C89000491C0629F6DBD87B597B884215D1187ACA
:10C8A000022809D1587A997A51EA00211982D87A56
:10C8B000197B51EA00215982002098730721002238
:10C8C000DC1D2000F5F71AFE10E000209873072108
:10C8D0000022DC1D2000F5F711FE07E00020987310
:10C8E00007210022DC1D2000F5F708FE13BD80B5EE
:10C8F0000949A52008700220487000208870002097
:10C90000C8700020087100204871A7208871072294
:10C910000120F7F774FD01BDB842022800000000B5
:10C9200000000000002F00000000070007000014B6
:10C930007F147F1400242A7F2A12006264081323C4
:10C9400000364955225000000503000000001C225B
:10C950004100000041221C000014083E0814000899
:10C96000083E0808000000A0600000080808080849
:10C97000000060600000002010080402003E5149E1
:10C98000453E0000427F400000426151494600217F
:10C9900041454B31001814127F1000274545453999
:10C9A000003C4A49493000017109050300364949F4
:10C9B000493600064949291E0000363600000000AD
:10C9C00056360000000814224100001414141414F8
:10C9D00000004122140800020151090600324959A1
:10C9E000513E007C1211127C007F49494936003EBD
:10C9F00041414122007F4141221C007F4949494178
:10CA0000007F09090901003E4149497A007F080871
:10CA1000087F0000417F4100002040413F01007F2E
:10CA200008142241007F40404040007F020C027FFA
:10CA3000007F0408107F003E4141413E007F09090C
:10CA40000906003E4151215E007F09192946004632
:10CA5000494949310001017F0101003F4040403F09
:10CA6000001F2040201F003F4038403F0063140853
:10CA7000146300070870080700615149454300002E
:10CA80007F41410000552A552A55000041417F0051
:10CA90000004020102040040404040400000010246
:10CAA0000400002054545478007F4844443800382F
:10CAB0004444442000384444487F003854545418B7
:10CAC00000087E0901020018A4A4A47C007F0804C9
:10CAD00004780000447D4000004080847D00007F99
:10CAE000102844000000417F4000007C04180478B6
:10CAF000007C0804047800384444443800FC2424B2
:10CB000024180018242418FC007C08040408004899
:10CB10005454542000043F444020003C4040207CBA
:10CB2000001C2040201C003C4030403C00442810A9
:10CB30002844001CA0A0A07C004464544C4414145D
:10CB40001414141438B500F077F900F042F800F02E
:10CB5000C9F871490868800312D4BFF34F8FBFF33F
:10CB60006F8F00206D4A1060BFF34F8FBFF36F8F40
:10CB7000086850F400300860BFF34F8FBFF36F8F29
:10CB80000868C00324D40020654A1060BFF34F8FAB
:10CB900064480268C2F34E33C2F3C90443F6E0703E
:10CBA00010EA431050EA84705F4D28602000441E54
:10CBB0000028F3D11800431E0028EDD1BFF34F8F9A
:10CBC000086850F480300860BFF34F8FBFF36F8F59
:10CBD00031BD70B586B0684654491822F5F7D6FCC9
:10CBE00000200AE069460200D2B201EBC2014968A6
:10CBF000491C11F0070F0DD1401C0100C9B20329D7
:10CC000009D269460200D2B211F8321011F0070FB2
:10CC1000E8D0FEE7FEE7464C207810F0070F00D082
:10CC2000FEE7444D2868401C10F0070F00D0FEE7D7
:10CC3000002622E068463100C9B200EBC10041681D
:10CC40003000C0B252F8300000F043F814E0002089
:10CC50000028EFD02168491E3000C0B252F83000E1
:10CC600000F037F868463100C9B200EBC1004168F6
:10CC70002868401C00F02DF8761C3000C0B2032854
:10CC800025D26A463000C0B252F83000002813D0D6
:10CC900020683100C9B252F8311088420AD3684680
:10CCA0003100C9B200EBC10040682168884201D35D
:10CCB0000120CDE70020CBE768463100C9B200EB88
:10CCC000C100406821688842C1D30120C0E706B096
:10CCD00070BD0022002302E0C0E900230830884232
:10CCE000FAD3704730B4144880081449144A00231A
:10CCF00008E01C00E4B252F824401D00EDB241F8F7
:10CD000025405B1C1C000500E4B2EDB2AC42F0D340
:10CD10000C48016030BC704714ED00E050EF00E0BB
:10CD200084ED00E080ED00E060EF00E054D90810F1
:10CD3000ACD10810B0D108108000000000440228D7
:10CD40000000081008ED00E010B50020424908601E
:10CD5000BFF34F8F41480168C1F34E32C1F3C9039D
:10CD600043F6E07010EA421050EA83703C4C2060B9
:10CD70001800431E0028F3D11000421E0028EDD1F8
:10CD8000BFF34F8FBFF36F8FBFF34F8FBFF36F8F23
:10CD9000002034490860BFF34F8FBFF36F8F00F05E
:10CDA00001F810BD38B586B068462F491822F5F74E
:10CDB000EDFB6846FCF72EFBC0B200280DD02B4CD3
:10CDC00018222B492000F8F771F90020E0754E2059
:10CDD000284908600020F8F7A1F9274D2800FCF742
:10CDE000BBFDC0B200280DD0204C182220492000E5
:10CDF000F8F75CF90020E07550201E49086000201B
:10CE0000F8F78CF91D49286808600A681C488218E0
:10CE10001C48B2FBF0F01C4A10601C48096801F283
:10CE2000E7314FF47A72B1FBF2F101600068C003A0
:10CE30001749086007B030BD80B500F02DF81549DE
:10CE40000A6852F470020A60BFF34F8FBFF36F8F0E
:10CE500000F026F801BD000084ED00E080ED00E068
:10CE600074EF00E050EF00E06CD908107042022827
:10CE7000C4D20810344302286C43022870430228AD
:10CE80003F420F0040420F007843022874430228BB
:10CE90007C43022888ED00E0EFF3108072B6704703
:10CEA00080F3108870470000010009B2002908D4FF
:10CEB000012210F01F018A404F4900B2400941F899
:10CEC00020207047FEE780B54C4800684C48016858
:10CED0000800C00F002805D04A488905890D50F880
:10CEE000210080470020FFF7DFFF01BD80B54648E5
:10CEF0000068464801680800C00F002805D0414876
:10CF00008905890D50F8210080470120FFF7CCFFEB
:10CF100001BD80B53E4800683E4801680800C00F6A
:10CF2000002805D037488905890D50F82100804731
:10CF30000220FFF7B9FF01BD80B5374800683748C8
:10CF400001680800C00F002805D02E488905890D0A
:10CF500050F8210080470320FFF7A6FF01BD80B5F0
:10CF60002F4800682F4801680800C00F002805D02E
:10CF700024488905890D50F8210080470420FFF7D7
:10CF800093FF01BD80B52848006828480168080063
:10CF9000C00F002805D01B488905890D50F82100D5
:10CFA00080470520FFF780FF01BD80B5204800685D
:10CFB000204801680800C00F002805D011488905E5
:10CFC000890D50F8210080470620FFF76DFF01BD55
:10CFD00080B519480068194801680800C00F00288A
:10CFE00005D008488905890D50F8210080470720A1
:10CFF000FFF75AFF01BD000080E200E000DC0810EE
:10D0000000012040A401022804DC08100401204093
:10D0100008DC0810080120400CDC08100C0120403E
:10D0200010DC08101001204014DC0810140120400E
:10D0300018DC0810180120401CDC08101C012040DE
:10D0400080B5012301225FF4E1210120F7F71AFBEB
:10D0500001210120F7F797FA042304225FF4E1315C
:10D060000420F7F70FFB0323002201219920F5F795
:10D07000FEF90223002200210220F5F7F8F940F61C
:10D0800088624FF496713920F9F738FC41F20C228E
:10D090004FF496713A20F9F731FC41F2A4024FF4B3
:10D0A00096713720F9F72AFC41F294124FF49671E9
:10D0B0003520F9F723FC02211020FEF7A9FB0022FE
:10D0C00000210120FDF7ECFDFFF711FCFDF7F0F961
:10D0D000FDF7E0FA0A485FF07E5141660021816663
:10D0E0000021C166002101670120FAF7D7FAF5F7A0
:10D0F0000AF8F4F76FFAF2F7C3FF01BD0000000071
:10D10000B83B022872B61D4908684FEA102000F0AB
:10D110000F000E2808BF1A490D2808BF1949072813
:10D1200008BF1949082808BF1849086820F00B00F3
:10D1300008600868BFF34F8F154816490860BFF3B1
:10D140004F8F1549086840F00700086013490868C8
:10D1500040F007000860BFF34F8FBFF36F8F0020D0
:10D160000021124AE2E802016A45FBD10C4FB847A0
:10D170000C4FB8470C4FB847FEE7000000002040B6
:10D180000C0020400C0420400C0820400C0C2040D7
:10D190000000081008ED00E090EF00E094EF00E0E0
:10D1A00045CB081001D8081039D9081000FF07280E
:10D1B000FFFF0728443A5C4941525C5365656B4662
:10D1C0007265655C435954344242375F4C69627200
:10D1D0006172792D6D61737465722D56322E305CDB
:10D1E0005365656B667265655F4359543442425FAF
:10D1F0004F70656E736F757263655F4C69627261C3
:10D2000072795C6C69627261726965735C73646B7C
:10D210005C747669696268346D5C7372635C6472B5
:10D2200069766572735C737973636C6B5C63795F49
:10D23000737973636C6B2E6800000000443A5C499C
:10D2400041525C5365656B467265655C4359543465
:10D250004242375F4C6962726172792D6D617374FD
:10D2600065722D56322E305C5365656B667265654E
:10D270005F4359543442425F4F70656E736F7572ED
:10D2800063655F4C6962726172795C6C696272613C
:10D29000726965735C73646B5C7476696962683427
:10D2A0006D5C7372635C647269766572735C7379CA
:10D2B00073636C6B5C63795F737973636C6B2E6300
:10D2C00000000000443A5C4941525C5365656B467E
:10D2D0007265655C435954344242375F4C696272EF
:10D2E0006172792D6D61737465722D56322E305CCA
:10D2F0005365656B667265655F4359543442425F9E
:10D300004F70656E736F757263655F4C69627261B1
:10D3100072795C6C69627261726965735C73646B6B
:10D320005C747669696268346D5C7372635C73798E
:10D330007374656D5C73797374656D5F7476696918
:10D340006268346D5F636D372E630000443A5C4958
:10D3500041525C5365656B467265655C4359543454
:10D360004242375F4C6962726172792D6D617374EC
:10D3700065722D56322E305C5365656B667265653D
:10D380005F4359543442425F4F70656E736F7572DC
:10D3900063655F4C6962726172795C6C696272612B
:10D3A000726965735C73646B5C636F6D6D6F6E5CEB
:10D3B0007372635C647269766572735C6970635CD6
:10D3C00063795F6970635F6472762E6800000000A5
:10D3D000443A5C4941525C5365656B467265655CD5
:10D3E000435954344242375F4C6962726172792DFD
:10D3F0006D61737465722D56322E305C5365656BAA
:10D40000667265655F4359543442425F4F70656E82
:10D41000736F757263655F4C6962726172795C6C7F
:10D4200069627261726965735C73646B5C636F6D72
:10D430006D6F6E5C7372635C6D775C666C61736854
:10D440005C63795F6D775F666C6173682E63000063
:10D45000443A5C4941525C5365656B467265655C54
:10D46000435954344242375F4C6962726172792D7C
:10D470006D61737465722D56322E305C5365656B29
:10D48000667265655F4359543442425F4F70656E02
:10D49000736F757263655F4C6962726172795C6CFF
:10D4A00069627261726965735C7A665F636F6D6DE4
:10D4B0006F6E5C7A665F636F6D6D6F6E5F66756EC3
:10D4C0006374696F6E2E6300443A5C4941525C5349
:10D4D00065656B467265655C435954344242375FFB
:10D4E0004C6962726172792D6D61737465722D562B
:10D4F000322E305C5365656B667265655F435954C7
:10D500003442425F4F70656E736F757263655F4C36
:10D510006962726172795C6C696272617269657369
:10D520005C7A665F6465766963655C7A665F64658C
:10D53000766963655F696D7539363372612E630094
:10D54000443A5C4941525C5365656B467265655C63
:10D55000435954344242375F4C6962726172792D8B
:10D560006D61737465722D56322E305C5365656B38
:10D57000667265655F4359543442425F4F70656E11
:10D58000736F757263655F4C6962726172795C6C0E
:10D5900069627261726965735C7A665F64726976EA
:10D5A00065725C7A665F6472697665725F666C61EB
:10D5B00073682E6300000000443A5C4941525C539A
:10D5C00065656B467265655C435954344242375F0A
:10D5D0004C6962726172792D6D61737465722D563A
:10D5E000322E305C5365656B667265655F435954D6
:10D5F0003442425F4F70656E736F757263655F4C46
:10D600006962726172795C6C696272617269657378
:10D610005C7A665F6472697665725C7A665F647272
:10D62000697665725F70776D2E630000443A5C49DD
:10D6300041525C5365656B467265655C4359543471
:10D640004242375F4C6962726172792D6D61737409
:10D6500065722D56322E305C5365656B667265655A
:10D660005F4359543442425F4F70656E736F7572F9
:10D6700063655F4C6962726172795C6C6962726148
:10D68000726965735C7A665F6472697665725C7AEA
:10D69000665F6472697665725F7370692E630000FD
:10D6A000443A5C4941525C5365656B467265655C02
:10D6B000435954344242375F4C6962726172792D2A
:10D6C0006D61737465722D56322E305C5365656BD7
:10D6D000667265655F4359543442425F4F70656EB0
:10D6E000736F757263655F4C6962726172795C6CAD
:10D6F00069627261726965735C7A665F6472697689
:10D7000065725C7A665F6472697665725F75617274
:10D71000742E630010B5184800F034F8F7F714FBC6
:10D72000F5F7C2FAFCF742F9FFF78AFC4FF4FA6109
:10D730000020FEF793FB01210220F7F71FFB0020DA
:10D74000F7F7FAFAF3F75EFB0420FDF72DFA0B4C1E
:10D7500094ED3C0AB5EE400AF1EE10FA08D1022031
:10D76000F4F74DFE012803D10548C06FC4F8F0005E
:10D77000FEF796FDE6E700BF80B2E60EF03902281C
:10D78000B83B022880B505490860FFF7DDFAFAF7D3
:10D7900080FC0020F7F7D0FA01BD0000804302288A
:10D7A00030B4002512E050F8042BD30744BF4A449C
:10D7B000521E091F042942F8045BFAD213468C0753
:10D7C00044BF15809B1CC90748BF1D7050F8041B3F
:10D7D0000029E8D130BC7047494D553936335241A4
:10D7E0002061636320616E64206779726F207365C6
:10D7F0006C6620636865636B206572726F722E00C1
:10D8000010B5074979441831064C7C44163404E0BD
:10D810000A68081D114488470146A142F8D110BD8D
:10D820002C000000480000004EF68851CEF20001A6
:10D83000086840F470000860BFF34F8FBFF36F8F2C
:10D840004FF00170E1EE100A7047000055FFFFFF36
:10D85000183A0000A0090228000000005F3CFFFF0A
:10D860007E040000840300000000022804207146AA
:10D87000084202D0EFF3098001E0EFF3088000B521
:10D880000149884700BD0000215108100000000038
:10D89000801C800803D0401C801EFCD100BF704754
:10D8A000EFF3108072B6704780F310887047000065
:10D8B00000F00EF8002801D0FFF7A2FFAFF30080C0
:10D8C0000020AFF30080FFF725FF00F003F8000011
:10D8D0000020704700F000B807463846F9F7B8FA5C
:10D8E000FBE700000D0A66696C65202573206C69F2
:10D8F0006E652025643A2025732E0D0A0000000075
:10D90000F1D906421400000A05006400000060EA34
:10D910000000D0070000C8000000B8ED04207146E8
:10D92000084201D0EFF30980EFF3088000B5014908
:10D93000884700BDB5DA08100548014603B46846BB
:10D9400080F30988AFF30080FFF76EFFFFF7B0FFA9
:10D95000A5EDF5FE00000228FFFF072800000020CB
:10D96000FF3F002000000000FF3F000000127A008F
:10D97000000000000024F40000800000008000008F
:10D98000008000000D0A66696C65202573206C69B3
:10D990006E652025642E0D0A0000000001000200C3
:10D9A0000400080010002000400080000001000278
:10D9B000696E7075742074727565206E756D626520
:10D9C000720000002D30303030302E3030303030AA
:10D9D0003000000066696C653A206D646B2F25731A
:10D9E00000000000417373657274206572726F727B
:10D9F0000000000053706565645F457870000000AA
:10DA000044697374616E63650000000066696C654B
:10DA10003A202573000000006C696E653A20256489
:10DA2000000000004C6F67206D65737361676500CF
:10DA3000F1D906010300F00001FB1000F1D9060145
:10DA40000300F00501001A00F1D906010300F001FE
:10DA500000FB1100F1D906010300F00200FC1300E5
:10DA6000F1D906010300F00300FD1500F1D906010C
:10DA70000300F00400FE1700F1D906010300F006D0
:10DA800000001B00F1D906010300F00700011D0092
:10DA9000F1D906010300F00800021F00F1D90601C8
:10DAA0000300F040003A8F00F1D906010300F02096
:10DAB000001A4F00816911F8021CC9B20160704759
:10DAC0000000000000000000020000000100000053
:10DAD0000301000010110010504F6D67500000004E
:10DAE000504F6D6749000000504F6D6744000000C3
:10DAF00050416E675000000050416E6749000000C1
:10DB000050416E674400000059416E6750000000AC
:10DB100059416E6749000000677A5F7369676E005C
:10DB2000677A5F7365740000594F6D67500000009D
:10DB3000594F6D6749000000594F6D674400000060
:10DB40004C65675F500000004C65675F490000004E
:10DB50004C65675F4400000031205375620000008F
:10DB6000322052554E0000003320454D5000000039
:10DB7000342042616C00000035204374726C000058
:10DB80003620414E4700000037204C454E00000033
:10DB90005375626A65637400506F4E756D000000C6
:10DBA0004750576179000000312E48616E640000D3
:10DBB000322E5254000000005369646500000000DA
:10DBC000312E4C6566740000322E5269676874000D
:10DBD0004261636B2E790000307800000000000085
:10DBE0000000000000000000000000000000000035
:10DBF0000000000000000000000000000000000025
:10DC00000000000000000000000000000000000014
:10DC10000000000000000000000000000000000004
:10DC200000000000000000000000000000000000F4
:10DC300000000000000000000000000000000000E4
:10DC400000000000000000000000000000000000D4
:10DC500000000000000000000000000000000000C4
:10DC600000000000000000000000000000000000B4
:10DC700000000000000000000000000000000000A4
:10DC80000000000000000000000000000000000094
:10DC90000000000000000000000000000000807F85
:10DCA000FFF7FEBFFFF7E2BDFFF7E0BDFFF7DEBD08
:10DCB000FFF7FEBFFFF7FEBFFFF7FEBFFFF7FEBF98
:10DCC000FFF7FEBFFFF7FEBFFFF7FEBFFFF7FEBF88
:10DCD000FFF7FEBFFFF7FEBFFFF7FEBF7047600A0A
:10DCE00050697463685F4F6D656761000122010AC6
:10DCF0001008C05A440000E0410000960883803FAD
:10DD0000042004FA4400C0DA4523413C7003416E0C
:10DD1000676C653C32020A43184111C3E4413C126E
:10DD2000C00483A0403C80024C65670001E304000E
:10DD300001913C3001401C46041101D0015961772A
:10DD4000B230010000070C32E05CD00100007078B6
:10DD50002101F30CC0403C4001C0734413C3614334
:10DD60003C727AF0F302526F3C11F12002CDCC4CA0
:10DD70003D139001333373386008803F0AD7233C4A
:10DD80008FC2F53C3CC52A417830017B14AE3CA0E3
:10DD90000214AE473E3C2002AE47613D04211CF018
:10DDA00002FFC5CE081004F1FF04F1FF04F1FF04E7
:10DDB000F1FF04F1FF04F177041C02A4010228F42E
:10DDC00006100440122608105A041013823108105D
:10DDD0003240081092480810BE4D0810C656081070
:10DDE000DE049003F4D9081000011003D8DA0810FB
:10DDF000E00412E80412F00412F804100300DB0837
:10DE0000100804121004121804122004122804121C
:10DE10003004123804124004124804125004200C3A
:10DE200000108045CDCC644100803B45DDDC5C10BA
:10DE3000029040001004100A209040B1C308101D49
:10DE4000C408102704123104123B04124504124F77
:10DE500004125904126304126D041277041281042F
:10DE6000128B04129504129F041C010000677808AD
:10DE700012680412690410016640AD1412ED04101A
:10DE8000032DC50810D304230FC62412601C12658D
:10DE9000041264041263040005624077010801065D
:10DEA0000000000000000000000000000000000072
:10DEB0000000000000000000000000000000000062
:10DEC0000000000000000000000000000000000052
:10DED0000000000000000000000000000000000042
:10DEE0000000000000000000000000000000000032
:10DEF0000000000000000000000000000000000022
:06DF00000000000000001B
:040000051008D939CD
:00000001FF
